sample_id,timestamp,subject_id,session_id,camera_position,lighting_condition,exercise_type,active_arm,rom_elbow,upper_arm_angle_std,torso_sway_range,shoulder_angle_range,rep_duration,up_phase_duration,down_phase_duration,elbow_velocity_mean,elbow_velocity_std,motion_smoothness,elbow_drift_range,mean_visibility,label,error_type,notes
1,2026-06-11T02:49:49,S04,session_01,side,normal,biceps,right,88.48111311332802,1.9311796923829028,1.4607092766929466,6.461524806237242,2.782959222793579,1.8842942714691162,0.8986649513244629,69.97510721636075,105.11289191746583,3093.9911990322157,6.864461923625353,0.962283425578257,correct,correct,good_form
2,2026-06-11T02:50:07,S04,session_01,side,normal,biceps,right,58.9610180220106,1.199442772503539,2.108067059627814,5.26422896190265,3.254930019378662,2.0019330978393555,1.2529969215393066,44.476820758128326,51.455078324269785,1215.16777646284,4.466068562086406,0.9597467690085372,correct,correct,good_form
3,2026-06-11T02:50:20,S04,session_01,side,normal,biceps,right,67.43330494217122,0.7476643323693204,1.1067263328106534,4.289622356497809,2.8521759510040283,1.4152729511260986,1.4369029998779297,41.74511752929635,53.29562480876633,1161.4120468661235,2.9545332149984955,0.9650083508342504,correct,correct,good_form
4,2026-06-11T02:50:35,S04,session_01,side,normal,biceps,right,84.04180483997456,3.16675187375692,1.0919094762620367,7.803048002363193,2.87908673286438,1.6426458358764648,1.236440896987915,66.25438970773105,51.70287320904033,984.5346378230566,8.657972949319237,0.9443407456080118,correct,correct,good_form
5,2026-06-11T02:50:44,S04,session_01,side,normal,biceps,right,85.15135443019918,1.6935129080294995,1.1568377408434332,4.749873822254608,3.1018495559692383,1.8129520416259766,1.2888975143432617,60.28376836955773,56.320175732508304,1349.0288416200196,5.631372699026858,0.9620013115825233,correct,correct,good_form
6,2026-06-11T02:50:59,S04,session_01,side,normal,biceps,left,70.24735509828456,3.2313556812394397,6.350799841013458,9.268585271546138,2.8516411781311035,1.0471093654632568,1.8045318126678467,56.25127917156355,51.77519447641144,1030.12410775017,9.461361305177979,0.9546127281634205,correct,correct,good_form
7,2026-06-11T02:51:11,S04,session_01,side,normal,biceps,left,109.36542391004339,1.9949534957887518,3.420491146559293,7.417062929912037,2.81384015083313,1.531257152557373,1.2825829982757568,74.86712572335209,57.77729890162229,1162.4931052893655,6.021842867793001,0.9682233910350239,correct,correct,good_form
8,2026-06-11T02:51:32,S04,session_01,side,normal,biceps,left,77.82151495158038,1.9213144180686967,7.813498230350315,10.33034881705055,3.1174545288085938,1.3168742656707764,1.8005802631378174,58.10291584401745,63.90433772059432,1657.9300018777742,6.261873122358497,0.9523469627551411,correct,correct,good_form
9,2026-06-11T02:51:44,S04,session_01,side,normal,biceps,left,77.30489753560161,1.387869125779347,7.382143267010247,10.012370405925678,3.0208828449249268,1.9070250988006592,1.1138577461242676,138.970977126184,422.8422894405367,14514.022357725371,4.684051143235125,0.9670555157648338,correct,correct,good_form
10,2026-06-11T02:51:55,S04,session_01,side,normal,biceps,left,77.78603885509223,1.9398147347002386,7.132498587095535,9.382495935881455,3.2112152576446533,1.3221020698547363,1.889113187789917,57.26169216194759,52.77180712392573,1109.511307403591,6.2142690836071415,0.9583520940504968,correct,correct,good_form
11,2026-06-11T03:12:05,S04,session_02,side,normal,biceps,right,93.1311224987859,3.4495463666811603,2.183633246749558,11.399968361659923,0.5674538612365723,0.2175748348236084,0.34987902641296387,334.1926260934517,263.41192216279705,8951.82597859345,11.544918890622128,0.864969433138245,incorrect,body_swing,badan_bergerak
12,2026-06-11T03:12:17,S04,session_02,side,normal,biceps,right,91.0230276538608,9.15097010384219,11.10941955887196,22.00184217546114,1.0304877758026123,0.43354320526123047,0.5969445705413818,181.48082062772494,207.6349859739059,6402.3634865548165,28.83024676349943,0.940245239004012,incorrect,body_swing,badan_bergerak
13,2026-06-11T03:12:24,S04,session_02,side,normal,biceps,right,93.08195974405902,6.723433839926629,4.321829594721247,24.727514960828987,0.9040772914886475,0.4702441692352295,0.43383312225341797,227.78664870870463,200.81038206466636,6777.088625187392,25.916090536580207,0.8658771972204077,incorrect,body_swing,badan_bergerak
14,2026-06-11T03:12:39,S04,session_02,side,normal,biceps,right,82.71318299874406,7.494224828614205,6.6678529108938935,18.42188860391353,1.1173818111419678,0.6670126914978027,0.45036911964416504,239.018764858896,188.20607713487868,6578.278193901927,22.907315628081488,0.9048855883233687,incorrect,body_swing,badan_bergerak
15,2026-06-11T03:13:04,S04,session_02,side,normal,biceps,left,106.75838506259575,3.3630798453902067,11.454280594037776,5.287291743289372,0.908825159072876,0.4780893325805664,0.43073582649230957,222.94151122191448,165.44180413860107,3635.980016706751,13.904512148498437,0.9384582613048882,incorrect,body_swing,badan_bergerak
16,2026-06-11T03:13:11,S04,session_02,side,normal,biceps,left,101.90590705658164,10.517925052899162,7.358316093526165,24.753575505858237,0.8893637657165527,0.2871994972229004,0.6021642684936523,237.5391363437567,268.9226533067543,7526.431689590935,32.01843600384137,0.9438357226274632,incorrect,body_swing,badan_bergerak
17,2026-06-11T03:13:20,S04,session_02,side,normal,biceps,left,80.39283883718167,14.851089347868465,8.068577207993886,36.66555631468849,1.0670697689056396,0.671107292175293,0.3959624767303467,165.58019377063118,185.19731123249127,4957.414338015592,46.26168242287757,0.9411696800414253,incorrect,body_swing,badan_bergerak
18,2026-06-11T03:13:28,S04,session_02,side,normal,biceps,left,101.44466538766301,12.449673511306678,8.49490144950524,30.12282435586061,1.0496468544006348,0.6785249710083008,0.371121883392334,195.5369431911485,212.10023903293953,5536.308705587726,39.69019211348917,0.9457854714357492,incorrect,body_swing,badan_bergerak
19,2026-06-11T03:14:47,S04,session_03,side,normal,biceps,left,92.72980054938985,17.165968614821974,1.8996310051856238,57.01598639161753,1.5623369216918945,1.1290221214294434,0.43331480026245117,135.38814895952345,112.11607784931486,3433.692636971621,56.41500273817224,0.931518794691309,incorrect,elbow_swing,siku_maju_mundur
20,2026-06-11T03:14:56,S04,session_03,side,normal,biceps,left,91.51445305432,20.19003028469486,1.7468338066132003,73.0541360473681,1.0723919868469238,0.904855489730835,0.16753649711608887,237.1093386628905,254.60355848054363,7218.174586342738,72.66801100541706,0.9159376497779573,incorrect,elbow_swing,siku_maju_mundur
21,2026-06-11T03:15:03,S04,session_03,side,normal,biceps,left,74.26018188809242,15.268698129918544,3.6827858951226418,47.97770350805561,0.9238872528076172,0.32386279106140137,0.6000244617462158,186.56647600480787,211.13680175705335,7221.035084662293,46.879608065526355,0.9062926779533255,incorrect,elbow_swing,siku_maju_mundur
22,2026-06-11T03:15:38,S04,session_03,side,normal,biceps,left,84.3325230073477,16.55405869394558,1.9270211033692677,54.291575603056,1.6406605243682861,1.1980817317962646,0.4425787925720215,120.6305340175884,95.89914159105027,2622.4957012006594,52.75903966691797,0.9101658153290652,incorrect,elbow_swing,siku_maju_mundur
23,2026-06-11T03:16:01,S04,session_03,side,normal,biceps,right,103.06169741853212,13.482932225123731,2.217300906191331,46.435600543925496,1.939084529876709,1.149209976196289,0.7898745536804199,108.12890515399047,112.44012393708616,2864.3272303253875,42.4391123076123,0.9742872871850666,incorrect,elbow_swing,siku_maju_mundur
24,2026-06-11T03:16:09,S04,session_03,side,normal,biceps,right,85.94286411366448,9.287613793090177,3.565132181170158,31.497716278142747,1.8009612560272217,1.1122510433197021,0.6887102127075195,103.79773834418992,108.10431780413697,3057.477099911099,31.819378518664728,0.9836122319102287,incorrect,elbow_swing,siku_maju_mundur
25,2026-06-11T03:16:16,S04,session_03,side,normal,biceps,right,75.32442089566479,10.753479611526092,3.557916276692822,36.25394162756736,1.4915213584899902,1.0247273445129395,0.4667940139770508,123.86724926674468,117.85773998245716,2768.3554915049044,35.82587863686543,0.9677077170875338,incorrect,elbow_swing,siku_maju_mundur
26,2026-06-11T03:16:23,S04,session_03,side,normal,biceps,right,106.76887693803161,10.221264425138227,3.588343266311022,34.73105882045946,1.8659048080444336,0.9901809692382812,0.8757238388061523,118.01244286669996,102.20554057764454,2202.3295752135195,35.13549706214494,0.9735083308136254,incorrect,elbow_swing,siku_maju_mundur
27,2026-06-11T03:16:38,S04,session_03,side,normal,biceps,right,59.71220126255771,10.48744128688832,2.1840331539558706,35.702611021282124,1.7034761905670166,1.1372909545898438,0.5661852359771729,76.0654587050612,74.51358318286158,2048.864084762292,33.0258088298243,0.9802412319068725,incorrect,elbow_swing,siku_maju_mundur
28,2026-06-11T03:16:52,S04,session_03,side,normal,biceps,right,94.51716649847714,12.97485270869567,3.061480353293243,43.05739554352411,2.4891903400421143,1.320728063583374,1.1684622764587402,74.1781972998781,64.31373325181683,1612.5388405206647,39.36349035728622,0.9745455925931802,incorrect,elbow_swing,siku_maju_mundur
29,2026-06-11T03:17:47,S04,session_04,side,normal,biceps,right,72.99031397567867,1.6443694480682036,3.8626302053988035,3.3767563996921806,1.2001404762268066,0.681110143661499,0.5190303325653076,136.49359426805353,99.52282329934964,2235.9708617141123,5.032365236304247,0.9596484256642205,incorrect,not_full_up,rom_tidak_penuh
30,2026-06-11T03:17:55,S04,session_04,side,normal,biceps,right,64.23221532056772,0.507001900451253,2.7092141249544275,5.569722444449889,1.5016868114471436,1.0441920757293701,0.45749473571777344,95.73624084292217,96.89466344203981,2191.608764651024,1.9187655236750527,0.967939462998639,incorrect,not_full_up,rom_tidak_penuh
31,2026-06-11T03:18:01,S04,session_04,side,normal,biceps,right,41.83683117041018,0.36712410398333184,3.3599093783524947,4.614240683294532,1.6272859573364258,0.8321976661682129,0.7950882911682129,57.305659559543855,46.7580915971077,903.0905657607758,1.4353528494395906,0.9773100060224533,incorrect,not_full_up,rom_tidak_penuh
32,2026-06-11T03:18:14,S04,session_04,side,normal,biceps,right,62.16163206874987,0.8404857601303829,1.7403008996010376,3.376165396326089,1.9218506813049316,1.2951617240905762,0.6266889572143555,69.15778325151506,41.33115673080168,955.8758918779338,3.5966844882335973,0.9450743404527505,incorrect,not_full_up,rom_tidak_penuh
33,2026-06-11T03:18:25,S04,session_04,side,normal,biceps,right,66.5458919256715,1.239567070323442,2.578143188074268,5.51930009964438,2.0997016429901123,1.2440779209136963,0.855623722076416,67.55257275438356,45.89151916121958,1295.9340877447269,3.9652029051135838,0.9659546227194369,incorrect,not_full_up,rom_tidak_penuh
34,2026-06-11T03:18:55,S04,session_04,side,normal,biceps,left,62.13143351126463,1.487364124648202,3.5881401858460475,5.096083811712334,1.7367677688598633,1.203489065170288,0.5332787036895752,81.26846766553454,50.47953102465526,1018.5321253965268,4.523037864791055,0.9649452593922615,incorrect,not_full_up,rom_tidak_penuh
35,2026-06-11T03:19:02,S04,session_04,side,normal,biceps,left,59.63880868890186,1.547046170466496,2.978936859271512,7.116959574153949,0.9576959609985352,0.31702613830566406,0.6406698226928711,87.98120215859026,79.66422819886066,1407.8340371275135,4.925159830032469,0.9710012134806864,incorrect,not_full_up,rom_tidak_penuh
36,2026-06-11T03:19:10,S04,session_04,side,normal,biceps,left,78.78973089578129,1.4143631928112361,4.379430422711991,8.798950893832561,1.934473991394043,1.1893632411956787,0.7451107501983643,91.12305683899378,67.5187274874892,1480.817287066602,4.195760533444404,0.9616671713915739,incorrect,not_full_up,rom_tidak_penuh
37,2026-06-11T03:19:17,S04,session_04,side,normal,biceps,left,60.496265423443404,1.9318284066254083,4.040890757426377,8.702731467242861,1.4319567680358887,0.8373713493347168,0.5945854187011719,90.50131286662331,54.19772847312458,1147.33849478727,4.9189217624110215,0.9517593316056512,incorrect,not_full_up,rom_tidak_penuh
38,2026-06-11T03:19:25,S04,session_04,side,normal,biceps,left,72.55316144499822,1.014520199473198,4.425631176131137,8.570922662721005,2.1118109226226807,1.2574238777160645,0.8543870449066162,69.51982888904067,42.023799572315376,1106.7427781424694,3.6761355271541056,0.9490834816824645,incorrect,not_full_up,rom_tidak_penuh
39,2026-06-11T03:19:35,S04,session_04,side,normal,biceps,left,55.77808748027999,0.9090362389224946,4.593231080991268,6.441866451334773,2.2260019779205322,1.613544225692749,0.6124577522277832,54.12476351146488,38.39798162453183,932.8826585939177,2.9554603177448384,0.9419203792045365,incorrect,not_full_up,rom_tidak_penuh
40,2026-06-11T03:19:54,S04,session_04,side,normal,biceps,left,65.87775371262094,1.1548808804052153,3.8501381909494024,7.510605394682184,2.338503360748291,1.2215385437011719,1.1169648170471191,61.4442945126553,42.49016207696413,802.6804739528553,4.343430825717512,0.9481423812013277,incorrect,not_full_up,rom_tidak_penuh
41,2026-06-11T03:53:35,S04,session_05,side,normal,biceps,right,108.60499002132187,3.176976813943672,1.8389114649882279,4.518955026793643,0.6817035675048828,0.3034491539001465,0.37825441360473633,311.8547542490138,259.7259709129537,6211.841783911141,8.829024945483038,0.9442701233284814,incorrect,too_fast,tempo_terlalu_cepat
42,2026-06-11T03:53:43,S04,session_05,side,normal,biceps,right,100.61388792333832,1.4351189073419184,1.6511080318144837,8.771451227878728,0.6714017391204834,0.3085520267486572,0.36284971237182617,291.66725487937424,218.05195875393377,5085.006900362838,4.3426444484945845,0.9590093656664803,incorrect,too_fast,tempo_terlalu_cepat
43,2026-06-11T03:53:48,S04,session_05,side,normal,biceps,right,110.06677936417034,5.2351123652464935,2.0617210288148975,9.755086761717326,0.6063475608825684,0.27161383628845215,0.3347337245941162,305.38434360161455,255.08912358409862,4926.924520288452,14.17413392585445,0.9503951613840304,incorrect,too_fast,tempo_terlalu_cepat
44,2026-06-11T03:53:53,S04,session_05,side,normal,biceps,right,127.82678090776322,1.9889490317040526,1.4236253045803835,9.787543208053803,0.38533544540405273,0.09497880935668945,0.2903566360473633,441.57174993817256,334.0872679216657,10917.013306539457,6.581522345779123,0.9558588277835113,incorrect,too_fast,tempo_terlalu_cepat
45,2026-06-11T03:54:03,S04,session_05,side,normal,biceps,left,114.84490333639849,4.031787056724013,1.4635604327424194,15.925676598792615,0.36043715476989746,0.06718134880065918,0.2932558059692383,497.14555627675475,453.24291821735824,14562.785214754254,14.065796919569307,0.9374225835005442,incorrect,too_fast,tempo_terlalu_cepat
46,2026-06-11T03:54:09,S04,session_05,side,normal,biceps,left,113.16629741978903,2.8593247269804136,3.340287135698186,11.307604154588493,0.510209321975708,0.17209839820861816,0.33811092376708984,424.40715429563465,317.49750916426854,9949.358093209621,9.404720809189678,0.9613646445795894,incorrect,too_fast,tempo_terlalu_cepat
47,2026-06-11T03:54:13,S04,session_05,side,normal,biceps,left,122.32037694448167,2.2928796697980425,1.633310569135677,8.159236577731164,0.4519355297088623,0.17337536811828613,0.27856016159057617,426.3571463364655,271.0843538323217,9736.522259380563,7.469694116620498,0.9578957429953984,incorrect,too_fast,tempo_terlalu_cepat
48,2026-06-11T03:54:18,S04,session_05,side,normal,biceps,left,115.67231853490459,2.038703770213309,1.4897087986300503,7.666580154990346,0.6547770500183105,0.2777128219604492,0.37706422805786133,339.08193784204366,222.35246254331915,6556.351581800279,6.97550762777345,0.9680599689483642,incorrect,too_fast,tempo_terlalu_cepat
49,2026-06-11T03:54:23,S04,session_05,side,normal,biceps,left,115.25189861139762,2.663912936780988,1.266537061937358,8.590905052776169,0.5284740924835205,0.19770169258117676,0.33077239990234375,338.1813815819287,271.56428848220895,5712.9405817500365,8.011565860809446,0.9694881465505151,incorrect,too_fast,tempo_terlalu_cepat
50,2026-06-11T03:55:13,S04,session_05,side,normal,biceps,left,130.14778865842783,7.507651854189053,2.0124631518636624,38.56896681780623,0.6983981132507324,0.30997467041015625,0.38842344284057617,315.2407706717882,212.19256720161593,6460.967032816574,33.74547752760863,0.9677461377448506,incorrect,too_fast,tempo_terlalu_cepat
51,2026-06-11T03:59:00,S04,session_01,side,normal,triceps,right,106.09284062529007,1.7934641265780566,2.717687957876402,7.832110817836641,1.5797631740570068,0.7898815870285034,0.7898815870285034,139.57935619297265,97.68015973398205,2384.8135109019154,8.084142083317902,0.9380739486217499,correct,correct,good_form
52,2026-06-11T03:59:10,S04,session_01,side,normal,triceps,right,102.17968714480982,1.0470529273369542,1.8974139607123446,4.6946879822303185,1.5557968616485596,0.7778984308242798,0.7778984308242798,137.02613483355546,108.45791873580538,2131.6872364180986,5.53060815072467,0.9535189376937019,correct,correct,good_form
53,2026-06-11T04:00:07,S04,session_01,side,normal,triceps,left,104.48348500135322,1.5409339842854017,4.323404197210058,7.922603560062097,1.514951229095459,0.7574756145477295,0.7574756145477295,152.35991213355908,100.90535112382399,2692.594027047974,5.890020678059192,0.9571687997035359,correct,correct,good_form
54,2026-06-11T04:00:24,S04,session_01,side,normal,triceps,left,106.84320239276236,1.2735365570448596,3.99475078172464,2.998590710343837,1.6821608543395996,0.8410804271697998,0.8410804271697998,120.22088021944468,94.17155230687524,1992.9700417408267,4.932364786739337,0.9587138315965963,correct,correct,good_form
55,2026-06-11T04:00:33,S04,session_01,side,normal,triceps,left,100.20351835830249,0.8330485890675033,4.993183948706297,5.105586635133109,1.7631478309631348,0.8815739154815674,0.8815739154815674,108.56156807363583,99.31005688631244,1711.178326080149,3.104845338366675,0.9507315479792081,correct,correct,good_form
56,2026-06-11T04:00:41,S04,session_01,side,normal,triceps,left,103.02467476672513,0.9108014314083709,3.80663696268399,4.625213236956535,1.9424045085906982,0.9712022542953491,0.9712022542953491,111.36418025055187,85.22232289118794,1815.2512257631588,3.12560124351934,0.9566908663107176,correct,correct,good_form
57,2026-06-11T04:00:53,S04,session_01,side,normal,triceps,right,102.63160252939204,1.9068343789754656,2.5405687066719813,8.502079350990538,1.8763668537139893,0.9381834268569946,0.9381834268569946,115.10504217935718,89.62448007865883,1870.2573553466166,8.097980142357283,0.9574502824168456,correct,correct,good_form
58,2026-06-11T04:01:00,S04,session_01,side,normal,triceps,right,106.01829207035948,2.1333466784207764,2.32027505876396,5.709705724583172,2.039764642715454,1.019882321357727,1.019882321357727,100.74962236989606,81.16309006262347,1566.0055628472242,6.938568933673941,0.9406022834591568,correct,correct,good_form
59,2026-06-11T04:01:19,S04,session_01,side,normal,triceps,right,95.0983659475365,1.7600373889730079,2.205691802802282,5.108256553672193,1.8713138103485107,0.9356569051742554,0.9356569051742554,97.95305023179513,80.31113057584925,1841.425198965039,6.114715270550893,0.949421528460724,correct,correct,good_form
60,2026-06-11T04:01:29,S04,session_01,side,normal,triceps,right,96.62485013912253,1.0041194438518626,2.714758573703092,2.7841680900623014,1.9250383377075195,0.9625191688537598,0.9625191688537598,100.79377595144402,84.6880419750708,1203.7360547324408,4.222817608012988,0.9503442220768686,correct,correct,good_form
61,2026-06-11T04:02:42,S04,session_02,side,normal,triceps,left,129.99232087416107,7.930172486160453,9.756448581994967,18.368281486901203,1.9421381950378418,0.18614625930786133,1.7559919357299805,157.5670871624076,148.28692611655558,5112.87818219106,24.299287686722845,0.9656331191460291,incorrect,body_swing,badan_bergerak
62,2026-06-11T04:02:52,S04,session_02,side,normal,triceps,left,104.92243412647508,6.466538796770952,11.742953930005056,14.424945398464105,1.2460389137268066,0.6230194568634033,0.6230194568634033,166.5359077097506,120.70647325892293,3221.7154186032426,21.588623853242204,0.9618013830561387,incorrect,body_swing,badan_bergerak
63,2026-06-11T04:03:04,S04,session_02,side,normal,triceps,left,102.8610939034879,5.282990175087444,12.167524629483061,5.686044831200507,1.6275641918182373,0.8137820959091187,0.8137820959091187,130.95319421276713,108.78422730320922,2782.2967010108846,16.688110992670378,0.9354516834020614,incorrect,body_swing,badan_bergerak
64,2026-06-11T04:03:11,S04,session_02,side,normal,triceps,left,115.87247069551228,8.573773339996078,11.986430168375962,12.079483313948803,1.1412413120269775,0.5706206560134888,0.5706206560134888,210.66138826983274,162.39698778188833,4137.292749993952,23.695263683554536,0.9522022417613438,incorrect,body_swing,badan_bergerak
65,2026-06-11T04:03:20,S04,session_02,side,normal,triceps,right,116.42078579029392,3.3496337042198694,7.188427959097007,19.298747002781653,1.202984094619751,0.6014920473098755,0.6014920473098755,217.86536864310463,156.640343500553,5199.898589749989,12.937819993460355,0.8959726477796967,incorrect,body_swing,badan_bergerak
66,2026-06-11T04:03:27,S04,session_02,side,normal,triceps,right,122.09157644058786,3.9322053835233666,6.702903675401703,5.799199518627858,1.1495916843414307,0.5747958421707153,0.5747958421707153,207.7415896733923,152.37329456397882,3692.366862084681,12.374175554141026,0.9208025102679794,incorrect,body_swing,badan_bergerak
67,2026-06-11T04:03:32,S04,session_02,side,normal,triceps,right,124.41329122954436,5.131403746877327,8.197804840391164,7.865003167261827,1.3034312725067139,0.6517156362533569,0.6517156362533569,200.1233191024035,131.41749807398003,3421.410601087516,15.376092045542345,0.9041369780898094,incorrect,body_swing,badan_bergerak
68,2026-06-11T04:03:37,S04,session_02,side,normal,triceps,right,124.76741123933874,5.673021457489392,7.547281975346577,9.213388118416617,1.2009499073028564,0.6004749536514282,0.6004749536514282,225.647581890813,144.9205430001314,3578.3621102525053,16.377253556856196,0.8887498684619602,incorrect,body_swing,badan_bergerak
69,2026-06-11T04:04:41,S04,session_03,side,normal,triceps,right,120.17061051405763,11.859542741070895,4.178867405755803,43.16922680294408,1.150388479232788,0.575194239616394,0.575194239616394,292.3958455934993,233.2682483239136,9409.964480167091,37.92995037915867,0.9498347068826357,incorrect,elbow_swing,siku_maju_mundur
70,2026-06-11T04:04:47,S04,session_03,side,normal,triceps,right,130.15833865736232,8.98944118963832,4.978170624189181,35.103613481146,1.0242664813995361,0.5121332406997681,0.5121332406997681,370.12936547001425,376.47947084348084,12534.608219614758,29.224975965976007,0.9425468989647925,incorrect,elbow_swing,siku_maju_mundur
71,2026-06-11T04:04:54,S04,session_03,side,normal,triceps,right,110.34732409071783,7.133733023421759,2.61015231240483,25.698419920125055,1.5590968132019043,0.7795484066009521,0.7795484066009521,198.37763875422294,227.53271727266772,7373.117515592043,19.945948281562984,0.9495824184268713,incorrect,elbow_swing,siku_maju_mundur
72,2026-06-11T04:05:01,S04,session_03,side,normal,triceps,right,102.67088130089832,8.357079704702684,2.4262123785623633,31.864934425007096,1.6684563159942627,0.8342281579971313,0.8342281579971313,183.47340823775815,202.00709543289474,5664.29820953206,26.84924175669323,0.9526119834184646,incorrect,elbow_swing,siku_maju_mundur
73,2026-06-11T04:05:14,S04,session_03,side,normal,triceps,left,116.20135788494375,11.248498171729283,5.214786809740306,35.9306231711451,1.4999442100524902,0.7499721050262451,0.7499721050262451,267.82139786742425,367.0621452305079,12061.693218050514,31.553029323528072,0.9560049483957498,incorrect,elbow_swing,siku_maju_mundur
74,2026-06-11T04:05:21,S04,session_03,side,normal,triceps,left,120.90847693162203,8.265608939047898,4.3797005201101395,25.56143395721632,1.5539138317108154,0.7769569158554077,0.7769569158554077,196.43966531976199,169.51561503676604,4884.157594872524,22.663145699472487,0.9577295621857047,incorrect,elbow_swing,siku_maju_mundur
75,2026-06-11T04:05:26,S04,session_03,side,normal,triceps,left,120.8862346623039,6.980337133832489,4.467599170732149,20.26171531266043,1.4406929016113281,0.7203464508056641,0.7203464508056641,198.52393841546066,160.9683395941573,5890.5306148883565,19.99848582008577,0.9723585327466329,incorrect,elbow_swing,siku_maju_mundur
76,2026-06-11T04:05:33,S04,session_03,side,normal,triceps,left,111.21283166859487,5.21829808843642,4.196012690696468,14.350777683380764,1.4852595329284668,0.7426297664642334,0.7426297664642334,184.80409046150888,135.4425957687417,4395.682202656733,14.913219540273943,0.9717464814583461,incorrect,elbow_swing,siku_maju_mundur
77,2026-06-11T04:05:48,S04,session_03,side,normal,triceps,left,140.77103305630638,7.560872067704145,4.762254103312255,25.592469519300806,1.4397902488708496,0.36223840713500977,1.0775518417358398,425.6259818512748,806.4966633408817,26217.175688077255,22.92889264920951,0.9749802374177509,incorrect,elbow_swing,siku_maju_mundur
78,2026-06-11T04:06:30,S04,session_05,side,normal,triceps,right,120.68606180964909,2.917177390158594,2.2224974743448893,13.08919899802087,0.9507591724395752,0.4753795862197876,0.4753795862197876,361.6959177928382,242.48141552105537,5801.247540961449,11.631386237192942,0.9581695375964046,incorrect,too_fast,tempo_terlalu_cepat
79,2026-06-11T04:06:43,S04,session_05,side,normal,triceps,right,125.56726401958211,2.704393425484636,2.809661822702974,10.978238470383308,0.6463170051574707,0.32315850257873535,0.32315850257873535,623.1706874690199,393.2154174253813,14101.628828642004,11.580157045128098,0.9591270003999982,incorrect,too_fast,tempo_terlalu_cepat
80,2026-06-11T04:06:50,S04,session_05,side,normal,triceps,right,106.61705076097252,2.3708604999717706,1.6578182570837792,4.900812758446499,0.9357202053070068,0.4678601026535034,0.4678601026535034,394.3640065620442,303.2853427497797,13517.966255736002,7.908152771548917,0.9441987872123718,incorrect,too_fast,tempo_terlalu_cepat
81,2026-06-11T04:06:56,S04,session_05,side,normal,triceps,right,124.30161628820942,2.627510958821668,2.6406966681657593,7.212972834086591,0.7349810600280762,0.3674905300140381,0.3674905300140381,338.42281639084746,217.1633633541467,6780.591170056429,10.79124620698415,0.9450921170089556,incorrect,too_fast,tempo_terlalu_cepat
82,2026-06-11T04:07:08,S04,session_05,side,normal,triceps,left,123.72917637030451,2.48684720077901,3.99423983219689,11.369211088733078,0.6424651145935059,0.32123255729675293,0.32123255729675293,345.35870408279965,210.23634494380792,6056.235661291251,9.795136495784547,0.9496758715027854,incorrect,too_fast,tempo_terlalu_cepat
83,2026-06-11T04:07:13,S04,session_05,side,normal,triceps,left,123.12220729376374,4.437395023169634,2.830621502182583,14.350971770874226,0.7812955379486084,0.3906477689743042,0.3906477689743042,275.8383343231271,230.24830867699907,6356.173401988452,12.630834801157775,0.9583021917690834,incorrect,too_fast,tempo_terlalu_cepat
84,2026-06-11T04:07:18,S04,session_05,side,normal,triceps,left,119.64568367098664,1.241974118005995,2.62025885055853,6.268776337714222,0.8321208953857422,0.4160604476928711,0.4160604476928711,259.55052286259655,185.0264715920742,4181.235691707509,4.914720049486016,0.9641795576764987,incorrect,too_fast,tempo_terlalu_cepat
85,2026-06-11T04:07:22,S04,session_05,side,normal,triceps,left,119.03081694985426,2.7240268107490717,1.8377018789301314,6.51257246291824,0.8325185775756836,0.4162592887878418,0.4162592887878418,265.3238058746432,180.4111801710955,3438.475073793485,9.125568049795083,0.9564543478190899,incorrect,too_fast,tempo_terlalu_cepat
100,2026-06-11T04:22:09,S04,session_04,side,normal,triceps,left,58.68673158933821,0.6697803853452016,0.7635586332378688,2.631524278102966,1.6870925426483154,0.8435462713241577,0.8435462713241577,62.35129410139918,78.1539186443754,1329.9866956228573,2.6370116618414445,0.9850986970990312,incorrect,not_full_up,rom_tidak_penuh
101,2026-06-11T04:22:19,S04,session_04,side,normal,triceps,left,50.142769749848185,0.3075738466846665,0.9027624862710326,1.7749755877878217,1.4662466049194336,0.7331233024597168,0.7331233024597168,56.421376680254525,67.07174467955662,733.9628053814537,1.1442979858351858,0.9850093950827916,incorrect,not_full_up,rom_tidak_penuh
102,2026-06-11T04:22:27,S04,session_04,side,normal,triceps,left,49.95310031674672,0.7567587051323763,0.9424480967343383,3.1430622589731576,1.339564561843872,0.669782280921936,0.669782280921936,72.68002431584732,57.60319968822761,917.1171488083736,2.548737537579852,0.9826327031705437,incorrect,not_full_up,rom_tidak_penuh
103,2026-06-11T04:22:33,S04,session_04,side,normal,triceps,left,44.72748821114595,0.648099718730644,1.0064043694256615,3.3495644438636587,1.1677360534667969,0.5838680267333984,0.5838680267333984,71.70346922532869,69.15175776225233,1223.264096493785,2.448177200561781,0.9759964268240664,incorrect,not_full_up,rom_tidak_penuh
104,2026-06-11T04:22:39,S04,session_04,side,normal,triceps,left,60.60017440124913,0.6363677269645228,0.8381442258559991,2.614828788627028,1.4192533493041992,0.7096266746520996,0.7096266746520996,72.71931973889949,51.084310070475134,772.2148244471567,2.1432289546555845,0.9774354703204576,incorrect,not_full_up,rom_tidak_penuh
105,2026-06-11T04:22:47,S04,session_04,side,normal,triceps,right,45.03069027847426,0.7959737710213994,0.8987081858988064,2.7948009359901853,1.4704973697662354,0.7352486848831177,0.7352486848831177,57.29930223068124,49.42993494820198,850.1708414014925,2.34465173439588,0.9620813313457701,incorrect,not_full_up,rom_tidak_penuh
106,2026-06-11T04:22:53,S04,session_04,side,normal,triceps,right,49.13137585588546,2.3519436721048343,0.8835803034874246,8.323058615376336,1.2406630516052246,0.6203315258026123,0.6203315258026123,81.38587737733033,65.98202361991177,1110.2150500374157,8.063883020187745,0.9694439138357456,incorrect,not_full_up,rom_tidak_penuh
107,2026-06-11T04:23:00,S04,session_04,side,normal,triceps,right,54.49812425304807,1.3130382776187173,0.9713288617276634,5.627723379713075,1.2411293983459473,0.6205646991729736,0.6205646991729736,80.7929070930478,42.61366279698253,906.5426636189815,4.5303867060480645,0.9682033826646051,incorrect,not_full_up,rom_tidak_penuh
108,2026-06-11T04:23:05,S04,session_04,side,normal,triceps,right,51.34455895763789,0.8253828499546247,1.251874966217865,4.803330609249414,1.3816397190093994,0.6908198595046997,0.6908198595046997,68.93024865951833,51.292013135796395,1006.0699084332672,3.9394872257849456,0.9709293054682868,incorrect,not_full_up,rom_tidak_penuh
109,2026-06-11T04:23:13,S04,session_04,side,normal,triceps,right,62.82058171847983,2.031490903623178,0.8204960562034921,7.4272878286621555,1.2228517532348633,0.6114258766174316,0.6114258766174316,98.1689770203321,81.34000087890003,1377.7354917042373,6.587727531246143,0.9751795993463414,incorrect,not_full_up,rom_tidak_penuh
110,2026-06-11T08:38:19,S05,session_01,side,normal,biceps,right,69.94420777722196,3.839511483978444,4.348599941372152,15.554292059704164,3.8031702041625977,1.0694098472595215,2.733760356903076,57.050062110511675,76.02401637427539,1864.9966287944014,14.076420927643511,0.9123746037838005,correct,correct,good_form
111,2026-06-11T08:38:31,S05,session_01,side,normal,biceps,right,71.01349344209969,3.512881634917834,3.5597756968034586,13.173157929845832,2.904771566390991,1.7837224006652832,1.121049165725708,72.54777156666266,75.96958236128926,1630.3304938466645,12.770123871107414,0.9403072197455913,correct,correct,good_form
112,2026-06-11T08:39:03,S05,session_01,side,normal,biceps,right,73.60021593681051,4.8557958796901595,1.8540610757048333,13.143950466812369,2.43166184425354,1.955352783203125,0.47630906105041504,82.97968705640739,97.32870973309937,1735.0614615826753,14.334571931341493,0.9652551616332969,correct,correct,good_form
113,2026-06-11T08:39:14,S05,session_01,side,normal,biceps,right,77.05560062746035,1.5502167152153692,2.540907313545148,7.341450113733286,2.011890172958374,1.0638659000396729,0.9480242729187012,87.55466504810431,78.49652967980512,1058.0715394808185,5.022828980759706,0.9717559948927019,correct,correct,good_form
114,2026-06-11T08:39:32,S05,session_01,side,normal,biceps,right,95.12013301062439,4.954844921435293,3.242357227415688,10.70366027880805,2.042966365814209,0.984276294708252,1.058690071105957,104.85458809355488,146.28864080989956,3136.498343129377,14.185766748523587,0.9682071083121829,correct,correct,good_form
115,2026-06-11T08:39:47,S05,session_01,side,normal,biceps,left,77.66130614440954,3.6561204943042225,3.7292932086945227,14.337939587024753,2.0798003673553467,1.4860799312591553,0.5937204360961914,90.81115567837358,99.74066809089433,1804.7733487493324,16.563623596355587,0.9837632875727571,correct,correct,good_form
116,2026-06-11T08:39:54,S05,session_01,side,normal,biceps,left,70.56373149072559,1.7050594856224357,4.249339590634122,5.581929354085902,2.0271573066711426,1.4334003925323486,0.593756914138794,81.23953947006933,94.74571276329146,2050.8886410204054,7.670024337078035,0.9770060761467271,correct,correct,good_form
117,2026-06-11T08:40:01,S05,session_01,side,normal,biceps,left,81.18978584524714,5.054927780443982,3.329813286608964,16.301186937130563,1.9020915031433105,1.1656742095947266,0.736417293548584,102.98084087751378,128.00710326269427,2896.573754915939,16.9060984836587,0.9825669072923207,correct,correct,good_form
118,2026-06-11T08:40:06,S05,session_01,side,normal,biceps,left,80.80442392121377,6.202370557697046,2.653823862118155,16.594658429035704,1.6337192058563232,0.9485831260681152,0.685136079788208,122.08914858551218,131.3849445004657,2471.1473148556065,16.365486844547497,0.9856807827144056,correct,correct,good_form
119,2026-06-11T08:40:16,S05,session_01,side,normal,biceps,left,76.61405238883331,3.2581678764897632,3.46296542993695,8.289546513458141,1.7733311653137207,0.4670534133911133,1.3062777519226074,108.91430304417779,117.88282461266654,2765.915662719285,9.1422245224866,0.9776139217309463,correct,correct,good_form
120,2026-06-11T08:42:11,S05,session_02,side,normal,biceps,right,81.54563133888985,15.778801210708133,9.922974095342942,45.771303550917736,1.7988555431365967,0.7914514541625977,1.007404088973999,126.27958188806515,93.36807365681108,2336.244879883721,55.18511580431122,0.9602821259162365,incorrect,body_swing,badan_bergerak
121,2026-06-11T08:42:30,S05,session_02,side,normal,biceps,right,104.75441658120198,6.207571451654941,9.49370130834818,19.629365189841288,1.4689557552337646,0.8351988792419434,0.6337568759918213,142.86918371984166,152.27949634926006,4263.785189725416,22.718279891385894,0.9802245100339254,incorrect,body_swing,badan_bergerak
122,2026-06-11T08:42:43,S05,session_02,side,normal,biceps,right,101.1220351384148,8.392475654116575,13.596630225643807,20.93319675907814,1.9799525737762451,1.128309726715088,0.8516428470611572,128.8927627994785,142.29823246601526,2100.3681581976157,27.815040337369382,0.981187166202636,incorrect,body_swing,badan_bergerak
123,2026-06-11T08:42:51,S05,session_02,side,normal,biceps,right,92.53027821219175,7.650676656378708,12.325749067096732,16.044024079647745,2.2856500148773193,1.6443383693695068,0.6413116455078125,101.66283525136625,110.00402143560308,2935.8216398283093,24.142402062842333,0.9877259626984596,incorrect,body_swing,badan_bergerak
124,2026-06-11T08:43:14,S05,session_02,side,normal,biceps,left,105.4896157621975,3.9416681730506005,6.942405214486153,7.11880796458821,1.7393841743469238,0.9193778038024902,0.8200063705444336,117.02831416945989,128.39278504727196,1641.4719480095225,16.71964227563981,0.97577962407044,incorrect,body_swing,badan_bergerak
125,2026-06-11T08:43:21,S05,session_02,side,normal,biceps,left,117.5254624998251,2.828679775812194,6.770890183590353,6.057392541764791,2.303976058959961,1.4593451023101807,0.8446309566497803,111.00129068235685,130.34148463611376,2706.795712311921,10.946956204404053,0.9890544612188729,incorrect,body_swing,badan_bergerak
126,2026-06-11T08:43:34,S05,session_02,side,normal,biceps,left,82.50702276523025,5.705074383364352,10.973855328771013,9.043631386889228,2.160799503326416,0.8430712223052979,1.3177282810211182,86.14729839992671,106.85494737351814,2297.578066393188,19.722778677161436,0.9642990666131178,incorrect,body_swing,badan_bergerak
127,2026-06-11T08:43:51,S05,session_02,side,normal,biceps,left,69.82578479469828,7.330244019842262,11.832908810916024,11.877016154827029,2.4260404109954834,1.7096843719482422,0.7163560390472412,82.79094078489166,95.2736725111936,2081.7404822683447,21.062882191756362,0.9742849514169513,incorrect,body_swing,badan_bergerak
128,2026-06-11T08:44:28,S05,session_03,side,normal,biceps,right,78.97938335480308,27.494942719752988,3.328883538865715,80.93073615410732,1.9914305210113525,1.2575173377990723,0.7339131832122803,111.75793416792973,124.06354259879363,2637.8988649828802,76.31018388023784,0.9599964821185821,incorrect,elbow_swing,siku_maju_mundur
129,2026-06-11T08:44:37,S05,session_03,side,normal,biceps,right,70.74427696103703,22.821848936413318,3.62049390044035,71.0465934570454,2.215355396270752,0.7832036018371582,1.4321517944335938,102.28263166334226,101.5921630416555,2259.86491039896,66.94974230641144,0.9692559465765953,incorrect,elbow_swing,siku_maju_mundur
130,2026-06-11T08:44:50,S05,session_03,side,normal,biceps,right,86.60483244923824,21.06715739696643,4.269143971140852,61.53248750195812,2.1695919036865234,1.2561461925506592,0.9134457111358643,95.26823715668166,111.72777072411586,2517.532909579708,58.99377463418174,0.9786290529431129,incorrect,elbow_swing,siku_maju_mundur
131,2026-06-11T08:45:00,S05,session_03,side,normal,biceps,right,84.0607572665162,28.725343061467132,7.146508616244904,87.27365857271059,2.1725597381591797,0.8320105075836182,1.3405492305755615,105.48313054628198,132.25500442528534,2488.082417892339,83.11729701790077,0.9546858702475826,incorrect,elbow_swing,siku_maju_mundur
132,2026-06-11T08:45:09,S05,session_03,side,normal,biceps,left,64.29763989468867,26.31825110129899,4.416027960475984,68.83089982388195,2.075538396835327,0.32023143768310547,1.7553069591522217,107.19902884755746,122.68648760644851,3183.105947408035,74.16967713315219,0.9610936100716176,incorrect,elbow_swing,siku_maju_mundur
133,2026-06-11T08:45:26,S05,session_03,side,normal,biceps,left,53.91817921800073,23.44643160655951,4.094378367249022,67.54549740237319,2.262348175048828,0.5533914566040039,1.7089567184448242,80.34461558963712,91.94995267334613,1861.6575644983086,66.31065902572935,0.9797045382857322,incorrect,elbow_swing,siku_maju_mundur
134,2026-06-11T08:45:33,S05,session_03,side,normal,biceps,left,67.53319180345831,24.05641204936334,5.058330728261962,79.95860788735273,2.31170916557312,1.2357139587402344,1.0759952068328857,127.2136407391127,120.13168216672165,2961.49319643196,76.9373913174596,0.9594737019609002,incorrect,elbow_swing,siku_maju_mundur
135,2026-06-11T08:45:39,S05,session_03,side,normal,biceps,left,83.95932888240577,17.765967268253924,3.7796168578233535,57.144149826991686,2.0808324813842773,0.7179505825042725,1.3628818988800049,114.1235544551047,108.81151397020555,2181.6923609112355,55.95544260579678,0.9605841183144114,incorrect,elbow_swing,siku_maju_mundur
136,2026-06-11T08:46:27,S05,session_04,side,normal,biceps,right,91.09737337332501,1.307870725563364,2.4113828144782055,4.791186492269183,1.2720260620117188,0.49388861656188965,0.7781374454498291,125.67026639822677,167.02932208278955,3741.0588296936753,5.175422671750589,0.9590268222422436,incorrect,not_full_up,rom_tidak_penuh
137,2026-06-11T08:46:33,S05,session_04,side,normal,biceps,right,84.22205231041826,2.0210777800391657,4.532721370480991,7.453119429875539,1.2586743831634521,0.8906514644622803,0.3680229187011719,149.44839839975157,187.64999602987612,4566.837413724808,8.658889514450268,0.9570761836808304,incorrect,not_full_up,rom_tidak_penuh
138,2026-06-11T08:46:38,S05,session_04,side,normal,biceps,right,71.7256161093198,1.6618168461846101,3.2259859758558282,3.755335716623176,1.203427791595459,0.7404682636260986,0.46295952796936035,113.46098478913738,135.4639543858878,2532.7379890484294,5.439637434237742,0.974364604111071,incorrect,not_full_up,rom_tidak_penuh
139,2026-06-11T08:46:43,S05,session_04,side,normal,biceps,right,76.96049225577734,2.226103201509632,4.763733757221869,4.99710734971539,1.4356157779693604,0.36193394660949707,1.0736818313598633,108.5302462320298,142.88623617931333,3045.1839929705334,7.990723880949309,0.967825738247484,incorrect,not_full_up,rom_tidak_penuh
140,2026-06-11T08:46:51,S05,session_04,side,normal,biceps,right,73.14936280304875,2.079724741985042,3.430373896121735,3.7779465186240984,1.0685381889343262,0.3794975280761719,0.6890406608581543,129.82293577257286,125.92920780239338,2055.5186684388727,7.144549948497275,0.9773154289772114,incorrect,not_full_up,rom_tidak_penuh
141,2026-06-11T08:48:14,S05,session_04,side,normal,biceps,left,65.48013631623029,2.1805197523654933,1.390597239503332,7.006349152621843,1.1452555656433105,0.46245241165161133,0.6828031539916992,176.03009598332946,183.87366033149672,4381.1490593884955,8.605112091005424,0.9703683853149414,incorrect,not_full_up,rom_tidak_penuh
142,2026-06-11T08:48:19,S05,session_04,side,normal,biceps,left,79.07570566908743,0.8016210218413131,3.1049674168171264,3.388227812796504,1.1757233142852783,0.386981725692749,0.7887415885925293,146.93791174994504,152.6994694927967,4076.5062468877577,2.7932644373158535,0.9648235269955227,incorrect,not_full_up,rom_tidak_penuh
143,2026-06-11T08:48:25,S05,session_04,side,normal,biceps,left,86.21098414432743,0.8399159189427301,0.9797397269643549,3.132869658045051,1.0549840927124023,0.3613767623901367,0.6936073303222656,286.63009023145185,542.0104736799483,18471.844264563177,2.895392526455301,0.9710458411524693,incorrect,not_full_up,rom_tidak_penuh
144,2026-06-11T08:48:30,S05,session_04,side,normal,biceps,left,91.99707151827434,1.5975734592740005,2.4952146111008595,4.183199848374894,1.2617108821868896,0.4159073829650879,0.8458034992218018,292.14873940108873,373.68840960772894,9658.3179181976,5.766961730508693,0.9598775401711463,incorrect,not_full_up,rom_tidak_penuh
145,2026-06-11T08:48:36,S05,session_04,side,normal,biceps,left,77.44309967182407,2.362440470379657,3.970545146841291,6.025518405933082,1.3461432456970215,0.8815128803253174,0.4646303653717041,161.8441690785039,194.36716282606088,6085.406829447164,8.254136428610222,0.9682364746928215,incorrect,not_full_up,rom_tidak_penuh
146,2026-06-11T08:49:18,S05,session_05,side,normal,biceps,right,94.6230007176537,5.6288995485965385,1.4824111879840656,15.193139507101893,0.6037049293518066,0.2765989303588867,0.3271059989929199,260.9930867500114,201.12805357482745,5025.0661166524205,19.631449673224704,0.9707578292914799,incorrect,too_fast,tempo_terlalu_cepat
147,2026-06-11T08:49:26,S05,session_05,side,normal,biceps,right,100.33817719190702,4.1578614372874485,1.4882332200591737,10.692242775445001,0.6408116817474365,0.26668691635131836,0.37412476539611816,245.80744024012824,233.46365689085965,6187.268703400513,15.386124441778703,0.9873322367668151,incorrect,too_fast,tempo_terlalu_cepat
148,2026-06-11T08:49:30,S05,session_05,side,normal,biceps,right,109.86232077319693,5.142749234483991,1.4297925943328949,11.887807650377942,0.7193539142608643,0.2761416435241699,0.44321227073669434,232.8155584741438,134.4518126196973,4241.5458443215875,16.88923238335174,0.9777025766670704,incorrect,too_fast,tempo_terlalu_cepat
149,2026-06-11T08:49:34,S05,session_05,side,normal,biceps,right,87.76171368733637,4.897287332068325,1.5221462462114772,15.92569147986373,0.543367862701416,0.1849825382232666,0.3583853244781494,236.61516721975389,107.23202866911323,2753.956520431593,16.808899185100916,0.983082686479275,incorrect,too_fast,tempo_terlalu_cepat
150,2026-06-11T08:49:38,S05,session_05,side,normal,biceps,right,86.21610451901483,6.044527829991226,1.0011196041576058,22.622073494304402,0.6394083499908447,0.270402193069458,0.3690061569213867,215.9066507786594,146.38935240791977,4156.883800376998,24.310866188421322,0.9769667307535808,incorrect,too_fast,tempo_terlalu_cepat
151,2026-06-11T08:49:46,S05,session_05,side,normal,biceps,left,92.0368206888686,3.561292863478224,0.8609657007578244,8.359907924958497,0.7293875217437744,0.3218364715576172,0.4075510501861572,217.63243356188045,204.96987807037107,5800.087461963165,9.71676986330678,0.9784486460335114,incorrect,too_fast,tempo_terlalu_cepat
152,2026-06-11T08:49:50,S05,session_05,side,normal,biceps,left,103.3315742812242,3.2785724368292786,1.4739661976611904,6.375574067837481,0.7334930896759033,0.31588244438171387,0.41761064529418945,229.3652315870084,223.6538443532106,6848.401796261199,9.005742450914713,0.9830733607797062,incorrect,too_fast,tempo_terlalu_cepat
153,2026-06-11T08:49:55,S05,session_05,side,normal,biceps,left,81.64077011088054,4.5396297945630035,0.9023240165435169,14.116843344347902,0.7761244773864746,0.4306941032409668,0.3454303741455078,170.4428762075173,165.22126359890282,3737.769150654379,15.066151369399247,0.9819736159161517,incorrect,too_fast,tempo_terlalu_cepat
154,2026-06-11T08:49:59,S05,session_05,side,normal,biceps,left,82.84251842619238,2.6297801814810513,2.48185126305082,7.042840832341189,0.7892954349517822,0.41224074363708496,0.37705469131469727,265.72940925695855,380.31759764263177,11646.745846564865,7.584808075688579,0.980565157201555,incorrect,too_fast,tempo_terlalu_cepat
155,2026-06-11T08:50:04,S05,session_05,side,normal,biceps,left,81.7117713119194,4.449538893813418,2.073916999486233,11.862624265037638,0.819575309753418,0.41948461532592773,0.40009069442749023,183.6674795299519,184.64186708469808,4594.482615229643,13.744181598229234,0.9729838167366228,incorrect,too_fast,tempo_terlalu_cepat
156,2026-06-11T08:51:08,S05,session_01,side,normal,triceps,right,113.09111135155148,2.710684136302059,5.020615783017366,13.448959421314818,1.3164026737213135,0.6582013368606567,0.6582013368606567,139.89632729076996,116.57695644191722,2381.5648810657376,10.79803391804942,0.9488070403536161,correct,correct,good_form
157,2026-06-11T08:51:17,S05,session_01,side,normal,triceps,right,118.97267086126573,2.3553863370935715,3.5511341927466806,13.37022202306595,1.4186997413635254,0.7093498706817627,0.7093498706817627,167.69238875128457,154.53585458750146,3295.032229957535,8.233248945154994,0.9301003097526489,correct,correct,good_form
158,2026-06-11T08:51:22,S05,session_01,side,normal,triceps,right,178.16066100460267,2.5712763744696185,2.5222677876035426,13.70331975114434,1.300196886062622,0.8097755908966064,0.4904212951660156,403.3819988641532,979.1545022804501,24075.156403842593,10.762630472028473,0.9423184058358592,correct,correct,good_form
159,2026-06-11T08:51:28,S05,session_01,side,normal,triceps,right,178.63557139181466,3.5077788441810243,3.2625313482874247,24.3074716978225,1.620455026626587,0.3988678455352783,1.2215871810913086,328.80807824430366,781.1589300027869,25299.376888459334,17.330023527234495,0.9386289815107981,correct,correct,good_form
160,2026-06-11T08:51:33,S05,session_01,side,normal,triceps,right,174.70656165620952,3.265513659740341,1.7996354486395143,17.982835235771326,1.494652271270752,0.36310243606567383,1.1315498352050781,344.28758433809355,693.5045077198079,14703.504063410695,11.858381176944457,0.9187904808557394,correct,correct,good_form
161,2026-06-11T08:51:43,S05,session_01,side,normal,triceps,right,175.01597153956732,2.5960381081918786,2.922639460272336,18.098984337161234,1.433915138244629,0.868067741394043,0.5658473968505859,476.40465279942515,862.9666971895177,17657.550451679246,11.05189809351659,0.9095052997581661,correct,correct,good_form
162,2026-06-11T08:51:58,S05,session_01,side,normal,triceps,left,111.66544164191653,5.3128356766538545,1.823604926395661,12.687791492757109,1.357654094696045,0.6788270473480225,0.6788270473480225,131.49894148925438,132.96623092531715,2391.534250584421,16.20697152987591,0.980876329044501,correct,correct,good_form
163,2026-06-11T08:52:05,S05,session_01,side,normal,triceps,left,107.50842363357847,2.7144333032481267,1.6136763540125916,9.85310686206146,1.4941625595092773,0.7470812797546387,0.7470812797546387,125.39912022416829,113.3206845567154,2562.8328202044195,11.484883803378345,0.9887891651102991,correct,correct,good_form
164,2026-06-11T08:52:11,S05,session_01,side,normal,triceps,left,101.11248539936031,4.168625476189016,1.9924606122225952,8.558970684046704,1.576777696609497,0.7883888483047485,0.7883888483047485,126.59371735930463,132.8430423508319,2883.976475574367,13.35501015412831,0.9877800748628729,correct,correct,good_form
165,2026-06-11T08:52:16,S05,session_01,side,normal,triceps,left,108.53324561532547,2.1539672200719235,2.1189099731250116,6.375488889516854,1.4182319641113281,0.7091159820556641,0.7091159820556641,129.56659098331133,132.06280536588358,2548.687634916613,7.689309985534122,0.9871080461889505,correct,correct,good_form
166,2026-06-11T08:52:52,S05,session_01,side,normal,triceps,left,113.20464261085195,4.117705584717198,2.418432663437429,15.666352774967422,1.177001714706421,0.5885008573532104,0.5885008573532104,129.76504676641446,134.37013201343487,3051.7650004566963,16.21612655034973,0.9806951019499037,correct,correct,good_form
167,2026-06-11T08:55:05,S05,session_02,side,normal,triceps,right,114.92863392728984,9.497675592933998,20.373294437634605,18.22482659440956,1.2479908466339111,0.3087952136993408,0.9391956329345703,333.3363537184199,642.2860189134143,15760.444428234061,30.59726067070199,0.9303148979587215,incorrect,body_swing,badan_bergerak
168,2026-06-11T08:55:53,S05,session_02,side,normal,triceps,right,111.95421198921187,13.176358151328511,22.722269746670687,19.15886412790947,1.556347370147705,0.7781736850738525,0.7781736850738525,129.97848531472334,141.25003496186534,4072.519052958896,42.226936786774225,0.9766228583951791,incorrect,body_swing,badan_bergerak
169,2026-06-11T08:56:12,S05,session_02,side,normal,triceps,left,99.37258262515896,20.057961771439082,20.161321891159957,34.23343546542564,1.812863826751709,1.7708392143249512,0.04202461242675781,137.32311751648498,154.79612176996523,4428.752354361837,55.34695188616971,0.9809809446334838,incorrect,body_swing,badan_bergerak
170,2026-06-11T08:56:17,S05,session_02,side,normal,triceps,left,109.23259436759811,17.91294000406054,17.133404288431617,34.672840464889404,1.9051156044006348,0.9525578022003174,0.9525578022003174,106.94698775535964,117.77272353812857,3259.962830256167,50.826431548593,0.9852274642434231,incorrect,body_swing,badan_bergerak
171,2026-06-11T08:56:23,S05,session_02,side,normal,triceps,left,107.22714629250494,15.86070281725602,14.481723826000358,28.77248845572718,2.0300798416137695,1.0150399208068848,1.0150399208068848,103.03879291959903,109.85323350607915,2266.338029609144,43.02350832107676,0.9891818367772632,incorrect,body_swing,badan_bergerak
172,2026-06-11T08:56:29,S05,session_02,side,normal,triceps,left,156.34479123289645,16.19515211511133,13.87318551211378,30.29349852855935,1.903592824935913,0.26199960708618164,1.6415932178497314,267.7010089438026,693.3757140010848,16314.028163119165,44.74283685456351,0.9842639291702315,incorrect,body_swing,badan_bergerak
173,2026-06-11T08:56:41,S05,session_02,side,normal,triceps,right,124.63590202110237,10.082172616966155,13.863536465095532,16.227136456387733,1.5849592685699463,0.7924796342849731,0.7924796342849731,120.79204646660382,131.4242219647372,2873.1745207865206,30.96956243881485,0.9712325785722997,incorrect,body_swing,badan_bergerak
174,2026-06-11T08:56:46,S05,session_02,side,normal,triceps,right,112.21787741475418,10.035838150023986,13.890515801469595,17.91164235229705,1.7094058990478516,0.8547029495239258,0.8547029495239258,118.25190682685151,119.95777384898487,2567.931223864542,30.63557683726896,0.9682303090126086,incorrect,body_swing,badan_bergerak
175,2026-06-11T08:56:52,S05,session_02,side,normal,triceps,right,106.8666226001788,9.957500208022362,11.038032170287728,18.26517357232512,1.6134142875671387,0.8067071437835693,0.8067071437835693,110.48051858608022,118.66436770808517,2903.974764160829,29.12521253427312,0.9647846350239383,incorrect,body_swing,badan_bergerak
176,2026-06-11T08:57:47,S05,session_03,side,normal,triceps,right,94.55896925717079,14.209844318789111,5.703286509591161,40.6151032891083,1.27309250831604,0.63654625415802,0.63654625415802,106.01559500292001,101.81789058806785,2762.189233932565,42.090086632132774,0.9786065611346014,incorrect,elbow_swing,siku_maju_mundur
177,2026-06-11T08:58:12,S05,session_03,side,normal,triceps,right,116.6222851982591,13.079102184889921,9.109088579986327,29.320272738000373,1.5141873359680176,0.7570936679840088,0.7570936679840088,137.63259658689785,137.85334047920696,3774.797448194232,36.17594803824983,0.9711913970463416,incorrect,elbow_swing,siku_maju_mundur
178,2026-06-11T08:58:23,S05,session_03,side,normal,triceps,right,118.65524520129125,13.761510474977705,8.38970306200193,31.567012722192715,1.5049176216125488,1.459810495376587,0.045107126235961914,142.46766693443914,162.90763200200217,4666.647424115432,38.41336701906885,0.9740139324875439,incorrect,elbow_swing,siku_maju_mundur
179,2026-06-11T08:58:30,S05,session_03,side,normal,triceps,right,151.73257992690725,9.530064225023096,9.00248182737962,23.556900612554887,1.610131025314331,0.3709559440612793,1.2391750812530518,286.25425147710587,664.0310468255398,15253.54559958309,30.462282758036107,0.9731637541618612,incorrect,elbow_swing,siku_maju_mundur
180,2026-06-11T08:58:43,S05,session_03,side,normal,triceps,left,104.71154343858653,13.635089131140232,7.789024328037906,34.11388892435004,1.48537278175354,0.74268639087677,0.74268639087677,231.28124706872873,387.1917000134763,8586.231691759964,41.31059040663823,0.9770561393463251,incorrect,elbow_swing,siku_maju_mundur
181,2026-06-11T08:58:54,S05,session_03,side,normal,triceps,right,118.06237745628013,13.743243945656136,10.387348587393266,29.826540125521294,1.552710771560669,0.7763553857803345,0.7763553857803345,143.9620070657451,190.7814702588191,5708.00834981431,37.77580778950936,0.9569867955786842,incorrect,elbow_swing,siku_maju_mundur
182,2026-06-11T08:59:03,S05,session_03,side,normal,triceps,left,173.08576133362234,20.188469057052536,6.632538477714963,117.56114092610147,1.5836279392242432,0.12204647064208984,1.4615814685821533,485.2065400884362,961.3385423029362,28461.377161857577,86.41673543448125,0.9846969515913062,incorrect,elbow_swing,siku_maju_mundur
183,2026-06-11T09:00:33,S05,session_03,side,normal,triceps,left,105.62034267917633,12.943551961759548,5.69809373936436,38.20475474043727,1.594527006149292,0.797263503074646,0.797263503074646,155.5221198726682,153.57027809407234,3893.1328455208154,39.71154599738035,0.9591791182756424,incorrect,elbow_swing,siku_maju_mundur
184,2026-06-11T09:00:52,S05,session_03,side,normal,triceps,left,97.56807844233305,11.220659890681663,3.1029741962537205,32.91847552659724,1.6261498928070068,0.8130749464035034,0.8130749464035034,175.31070790658018,292.04583792107616,7672.66404338365,33.1126358168432,0.9646679477111714,incorrect,elbow_swing,siku_maju_mundur
185,2026-06-11T09:01:15,S05,session_03,side,normal,triceps,left,106.0800633061632,11.110124870432214,7.786121199765767,43.9446473678189,1.6657328605651855,0.8328664302825928,0.8328664302825928,127.86425250434951,134.2066456184624,3666.334818710739,45.47094352517463,0.968328361978402,incorrect,elbow_swing,siku_maju_mundur
186,2026-06-11T09:01:22,S05,session_03,side,normal,triceps,left,100.06316300909769,10.087844189329441,9.739465725391467,33.36659423829737,1.55778169631958,1.4175398349761963,0.1402418613433838,133.5298705418903,149.60526923684964,3519.2052981169027,35.08647719586581,0.9672364596934879,incorrect,elbow_swing,siku_maju_mundur
187,2026-06-11T09:02:45,S05,session_04,side,normal,triceps,right,49.964379741901695,1.7520330282196566,1.642422451206695,8.631293913101405,1.2586417198181152,1.2076694965362549,0.05097222328186035,74.70126703131159,61.33929902780882,1499.8720828934006,9.38167212604456,0.9547048663270885,incorrect,not_full_up,rom_tidak_penuh
188,2026-06-11T09:02:52,S05,session_04,side,normal,triceps,right,64.06623015068382,2.1146735507053513,2.194822383319809,12.102147321433371,1.7097487449645996,1.6642043590545654,0.04554438591003418,112.55386155882151,180.43098046572297,4488.6441664791255,12.092015280115364,0.9662877607804078,incorrect,not_full_up,rom_tidak_penuh
189,2026-06-11T09:02:57,S05,session_04,side,normal,triceps,right,55.10314015530514,1.7786618054955343,2.2840013760045084,6.225707148614908,1.3859739303588867,0.6929869651794434,0.6929869651794434,75.11212478349283,59.49373560632862,1634.460723745977,7.731857425507987,0.9505022980513111,incorrect,not_full_up,rom_tidak_penuh
190,2026-06-11T09:03:16,S05,session_04,side,normal,triceps,right,64.65952476324304,1.084289809639228,1.4172360825039128,4.660187641674837,1.2938158512115479,0.6469079256057739,0.6469079256057739,85.33996158698872,65.6474502547065,1347.7500382150079,4.011619862196554,0.9496122331454836,incorrect,not_full_up,rom_tidak_penuh
191,2026-06-11T09:03:41,S05,session_04,side,normal,triceps,left,77.73377852148118,5.3840382034738274,1.3656827208379791,19.971591954951304,1.0263786315917969,0.5131893157958984,0.5131893157958984,133.02311867467597,107.76922874125617,2095.6060068723423,18.524314694376685,0.9148380613575379,incorrect,not_full_up,rom_tidak_penuh
192,2026-06-11T09:04:05,S05,session_04,side,normal,triceps,left,77.77788901569396,5.8147282771110085,1.3965891103152426,18.37289571890431,1.359513521194458,0.679756760597229,0.679756760597229,137.29210113721703,127.7459688142335,2945.779892953034,19.199542666772594,0.902746624042911,incorrect,not_full_up,rom_tidak_penuh
193,2026-06-11T09:04:12,S05,session_04,side,normal,triceps,left,100.42270745999772,6.810753188497904,1.0616208564698106,20.6411525321448,1.4412906169891357,0.7206453084945679,0.7206453084945679,149.12760466712135,101.09883332290124,2825.222662137293,20.212766366737764,0.855586284940893,incorrect,not_full_up,rom_tidak_penuh
194,2026-06-11T09:04:40,S05,session_04,side,normal,triceps,left,80.49953504668126,3.5445063218914163,2.289175749503031,10.725198854387672,0.8119649887084961,0.40598249435424805,0.40598249435424805,161.4832806412712,165.52345169456922,4784.543844255365,11.464644262505136,0.9517701189768942,incorrect,not_full_up,rom_tidak_penuh
195,2026-06-11T09:05:22,S05,session_05,side,normal,triceps,right,114.00009611914605,5.414641305891753,1.9611350977207302,16.70711453896246,0.669593095779419,0.3347965478897095,0.3347965478897095,219.79928451775626,156.61502589732777,3821.1442524953422,17.85645229580312,0.9661929272115231,incorrect,too_fast,tempo_terlalu_cepat
196,2026-06-11T09:05:27,S05,session_05,side,normal,triceps,right,111.12532147006192,4.6263187828280135,2.0812690689263564,13.60195114225991,0.717381477355957,0.3586907386779785,0.3586907386779785,245.677732813165,256.3626557884918,4800.590962350759,12.956703738596417,0.9789382228079964,incorrect,too_fast,tempo_terlalu_cepat
197,2026-06-11T09:05:32,S05,session_05,side,normal,triceps,right,106.52768967224269,5.747642672508183,2.0959195840732017,15.694062555352604,0.7367651462554932,0.3683825731277466,0.3683825731277466,162.60570387659703,138.71062366092656,3299.5194705837703,16.647276834836994,0.9788801722666797,incorrect,too_fast,tempo_terlalu_cepat
198,2026-06-11T09:05:37,S05,session_05,side,normal,triceps,right,103.34993303786993,6.11647430354399,3.490664299181816,16.33538206815525,0.9187936782836914,0.4593968391418457,0.4593968391418457,249.75068011196058,328.4442860487576,7445.120217950495,19.41654767056048,0.9777288933595022,incorrect,too_fast,tempo_terlalu_cepat
199,2026-06-11T09:05:42,S05,session_05,side,normal,triceps,right,154.62725503070502,4.762299653375372,3.0448548898707504,17.73730201872625,0.879875659942627,0.2723989486694336,0.6074767112731934,503.546834810777,1010.0900671881761,25667.5674416241,14.365436376376838,0.9732404471862883,incorrect,too_fast,tempo_terlalu_cepat
200,2026-06-11T09:05:52,S05,session_05,side,normal,triceps,left,113.0083159493502,7.306587385160041,3.307951816716991,21.49691448800621,0.712364673614502,0.356182336807251,0.356182336807251,238.19241547464057,277.44133919482186,5899.49291610417,25.36626543493613,0.9518569541328094,incorrect,too_fast,tempo_terlalu_cepat
201,2026-06-11T09:06:10,S05,session_05,side,normal,triceps,left,98.0579412032368,12.806460993753458,2.429854062707133,38.31385725654519,0.6130955219268799,0.30654776096343994,0.30654776096343994,202.52623793494143,159.95411049249378,4264.4666960855775,38.11129576233188,0.9718736310799917,incorrect,too_fast,tempo_terlalu_cepat
202,2026-06-11T09:06:14,S05,session_05,side,normal,triceps,left,128.2986656084625,8.390781207935369,1.786100859725486,32.090401394954796,0.707324743270874,0.353662371635437,0.353662371635437,201.45624769636146,244.24940625984144,4360.284376275819,31.19520243205866,0.9592906450852752,incorrect,too_fast,tempo_terlalu_cepat
203,2026-06-11T09:06:18,S05,session_05,side,normal,triceps,left,110.82978285281112,7.749641155477947,0.8611667939061356,27.705240129999392,0.8834586143493652,0.4417293071746826,0.4417293071746826,168.74397503150303,203.54903833772858,4824.33967605555,27.207809273884912,0.96790371918016,incorrect,too_fast,tempo_terlalu_cepat
204,2026-06-11T09:06:23,S05,session_05,side,normal,triceps,left,109.27395803136329,7.60627729037224,1.1477281341503445,27.097511664003846,0.9521191120147705,0.47605955600738525,0.47605955600738525,196.84504763762516,213.5544967477499,5210.644969609081,25.89791879672792,0.9648020757096154,incorrect,too_fast,tempo_terlalu_cepat
205,2026-06-11T09:58:04,S06,session_01,side,normal,biceps,left,74.33534099915897,2.078613723449237,1.9775136484462241,10.148571264135693,2.5455522537231445,1.8693552017211914,0.6761970520019531,67.29424053612337,66.05684562534935,1649.8341378984603,9.367139829460568,0.9652766675821373,correct,correct,good_form
206,2026-06-11T09:58:45,S06,session_01,side,normal,biceps,left,81.61648879647416,1.0676870273628807,1.5203216700894615,4.2187289219632,3.121774196624756,2.2583582401275635,0.8634159564971924,54.49772298718014,54.694589948220354,938.9629546798245,3.392162462112484,0.9519003891519138,correct,correct,good_form
207,2026-06-11T09:59:02,S06,session_01,side,normal,biceps,left,85.70869278404717,0.9101667457058874,2.208882336813118,4.765028011401072,2.6684041023254395,1.587674617767334,1.0807294845581055,68.60296773580629,53.71614509152861,1042.595803929285,3.6908113047343596,0.9571773392164101,correct,correct,good_form
208,2026-06-11T09:59:08,S06,session_01,side,normal,biceps,left,80.11712820674785,0.882571823481974,1.389221092527916,3.453272184973236,2.248324394226074,1.2839422225952148,0.9643821716308594,78.47203001263937,65.08605940995292,1262.5543468196001,2.9857578330748415,0.9474668913349813,correct,correct,good_form
209,2026-06-11T09:59:16,S06,session_01,side,normal,biceps,left,78.19102808194316,1.2374431628812572,1.5548121682990599,3.749076063148877,2.4833736419677734,1.589341402053833,0.8940322399139404,69.35452244227662,60.39385881377736,1113.6400228630375,3.957871278438546,0.9537568640496049,correct,correct,good_form
210,2026-06-11T09:59:29,S06,session_01,side,normal,biceps,right,83.08221765088902,2.753313087263492,2.4444972267120586,12.929579348063656,2.5230202674865723,1.7473220825195312,0.775698184967041,72.4077318673423,66.40192817134837,1425.7140277392896,11.256296666946472,0.9700250048190355,correct,correct,good_form
211,2026-06-11T09:59:36,S06,session_01,side,normal,biceps,right,84.29757178396197,2.046622548880584,2.3662867005943866,9.8585449297148,2.3861215114593506,1.643129825592041,0.7429916858673096,77.77401789662228,73.39445631034354,1190.889108126785,8.02181660830395,0.9703371630838284,correct,correct,good_form
212,2026-06-11T09:59:42,S06,session_01,side,normal,biceps,right,74.50123714167661,2.234917174750323,1.5126779868749178,9.364289136190541,2.43979811668396,1.2035350799560547,1.2362630367279053,69.22422567423337,70.08132080792606,1252.3963689516384,8.463518838284186,0.9721415363825284,correct,correct,good_form
213,2026-06-11T09:59:48,S06,session_01,side,normal,biceps,right,82.66088752776639,1.6290462117787339,1.3880252951711842,6.201417909617203,2.002870798110962,1.1812412738800049,0.821629524230957,89.55483846622374,72.62969221967133,1368.2197082943828,4.9244968101589475,0.968777365816964,correct,correct,good_form
214,2026-06-11T09:59:54,S06,session_01,side,normal,biceps,right,81.69476853633351,1.5043974282848163,1.1249068442690584,4.433547764438668,2.154310464859009,1.3978452682495117,0.7564651966094971,87.9067423956464,85.45010100906167,1663.628837270646,5.054131528040826,0.9725173923373223,correct,correct,good_form
215,2026-06-11T10:02:22,S06,session_02,side,normal,biceps,left,83.91087980452298,0.6975140315120698,5.293644744710807,3.940706320046548,1.949465036392212,1.0973095893859863,0.8521554470062256,94.27319248818837,67.65677100810842,1385.0269175792157,2.87026552221723,0.9717298309470332,incorrect,body_swing,badan_bergerak
216,2026-06-11T10:02:29,S06,session_02,side,normal,biceps,left,98.15364786731234,2.188480523426224,11.372812672790579,15.152278784387489,1.9323320388793945,1.0395307540893555,0.8928012847900391,110.00764231257949,81.18663147856145,1641.2858661194625,8.27539083471806,0.979627230337688,incorrect,body_swing,badan_bergerak
217,2026-06-11T10:02:39,S06,session_02,side,normal,biceps,left,102.23217870806013,1.5193034923611723,10.896463359988735,12.83741873281931,2.1659765243530273,1.271594762802124,0.8943817615509033,104.64107700809608,79.46240162572465,1356.4038434606248,5.689711012450798,0.9773594546318054,incorrect,body_swing,badan_bergerak
218,2026-06-11T10:02:46,S06,session_02,side,normal,biceps,left,106.32318402918192,2.333480530887285,12.58873163482961,6.526081021601043,2.298654556274414,1.3720436096191406,0.9266109466552734,98.82774289756111,73.81079384293149,1392.110473078453,7.089151469267151,0.9797257199591282,incorrect,body_swing,badan_bergerak
219,2026-06-11T10:02:55,S06,session_02,side,normal,biceps,left,106.27148747716828,1.1592841790513284,13.559956726341326,9.860517833011157,2.406646251678467,1.4656345844268799,0.9410116672515869,94.19934786187936,90.36812728302448,1635.9334709509212,3.909544177881286,0.9801567343098146,incorrect,body_swing,badan_bergerak
220,2026-06-11T10:03:05,S06,session_02,side,normal,biceps,right,92.42983897369491,2.298868388512511,14.090967978881084,8.852047171728007,1.7466449737548828,0.9718160629272461,0.7748289108276367,111.81392472703332,80.55238219701572,1584.4958051411777,7.850906334167605,0.9609456108166621,incorrect,body_swing,badan_bergerak
221,2026-06-11T10:03:11,S06,session_02,side,normal,biceps,right,95.40355287998169,2.926143034199405,15.610084215625573,10.313703137692123,1.9999608993530273,0.950700044631958,1.0492608547210693,105.57446078229404,68.94889257688081,1217.4978417295981,10.196288792524925,0.9772560391161177,incorrect,body_swing,badan_bergerak
222,2026-06-11T10:03:16,S06,session_02,side,normal,biceps,right,92.73631744219665,5.526735877474941,19.226533604308514,6.685726197718367,2.032580852508545,1.106879711151123,0.9257011413574219,98.99116882631988,86.78326258453717,1744.824758902536,16.572436582000552,0.978261481722196,incorrect,body_swing,badan_bergerak
223,2026-06-11T10:03:22,S06,session_02,side,normal,biceps,right,96.76456997947392,6.785778170303305,16.200657452709216,11.050043326892288,1.886523723602295,1.0587193965911865,0.8278043270111084,108.6777982168535,86.58428872423634,1462.6175372617347,20.12014995015288,0.9808332004717418,incorrect,body_swing,badan_bergerak
224,2026-06-11T10:05:52,S06,session_03,side,normal,biceps,left,82.9536713433962,22.15249829834875,3.0112355901943104,62.81269996013507,1.6941707134246826,1.02876615524292,0.6654045581817627,95.07941564920449,98.86425921764453,2215.9089949033855,61.9654461649708,0.9265387928163683,incorrect,elbow_swing,siku_maju_mundur
225,2026-06-11T10:05:58,S06,session_03,side,normal,biceps,left,95.51285615780479,26.631741988559675,3.2232945159412663,74.92215024104345,1.8772943019866943,1.421109914779663,0.45618438720703125,121.62433857942905,107.21787395004904,2425.8556886357155,73.55545476298062,0.9340545893425033,incorrect,elbow_swing,siku_maju_mundur
226,2026-06-11T10:06:03,S06,session_03,side,normal,biceps,left,85.31700328851178,21.20790504007119,2.6251034857162705,61.34142928675604,1.827204704284668,1.0058317184448242,0.8213729858398438,100.52178123871855,102.24609800663421,1934.5759356241008,59.844411595079805,0.9367080676119502,incorrect,elbow_swing,siku_maju_mundur
227,2026-06-11T10:06:09,S06,session_03,side,normal,biceps,left,92.52715101631841,19.79746757445501,3.82228914063516,58.92098188132166,1.7469942569732666,1.110262393951416,0.6367318630218506,117.69233382437247,102.98192511161982,1833.1824460002033,55.62826938359602,0.9419147276725525,incorrect,elbow_swing,siku_maju_mundur
228,2026-06-11T10:06:22,S06,session_03,side,normal,biceps,right,90.48392907585972,19.051267430703493,3.9202414877307503,58.77806717541415,1.727961778640747,1.1899034976959229,0.5380582809448242,108.66365995064987,118.2056822460259,1947.8590144687737,57.83652884224796,0.9795987420790905,incorrect,elbow_swing,siku_maju_mundur
229,2026-06-11T10:06:29,S06,session_03,side,normal,biceps,right,91.78586665711228,22.38516131983062,3.85463721799948,65.53133393853106,1.8746426105499268,1.316429615020752,0.5582129955291748,108.79015174974833,118.33356701198892,2352.0215192484593,64.41056787228797,0.9733624367452249,incorrect,elbow_swing,siku_maju_mundur
230,2026-06-11T10:06:35,S06,session_03,side,normal,biceps,right,79.99518325743216,20.47739928068932,3.731829923831274,61.36812309547845,1.934762954711914,1.4073493480682373,0.5274136066436768,93.58558984629448,91.7883430409314,1614.3440047661102,62.22232703422206,0.9750448655943538,incorrect,elbow_swing,siku_maju_mundur
231,2026-06-11T10:06:40,S06,session_03,side,normal,biceps,right,82.92379909610366,21.50995346195216,3.332724358046633,63.36413904209676,1.8288757801055908,1.3934237957000732,0.4354519844055176,103.9131850697703,122.39107835505284,2053.4948969182824,63.03571466622605,0.9829941490074483,incorrect,elbow_swing,siku_maju_mundur
232,2026-06-11T10:06:46,S06,session_03,side,normal,biceps,right,86.1896975930139,21.88110045118675,3.4567030281849975,65.83516644553151,1.8252789974212646,1.2087066173553467,0.616572380065918,104.94931621985633,127.2456181845318,2470.618680803395,63.94345640852417,0.979609802365303,incorrect,elbow_swing,siku_maju_mundur
233,2026-06-11T10:09:31,S06,session_04,side,normal,biceps,left,68.66261371352886,0.5691181893563313,1.5979871047309993,2.5322571095443984,1.1194941997528076,0.5588891506195068,0.5606050491333008,130.92742121100932,99.28770030481932,1745.1926827083105,2.0876157947496803,0.9225252704775851,incorrect,not_full_up,rom_tidak_penuh
234,2026-06-11T10:09:44,S06,session_04,side,normal,biceps,left,78.43990958410816,0.942615890671691,1.9378005889964878,3.07876425744777,1.8685753345489502,1.0956707000732422,0.772904634475708,89.86184053003318,59.09556747628903,1312.2041682025601,3.220865119861618,0.9495900950971103,incorrect,not_full_up,rom_tidak_penuh
235,2026-06-11T10:09:53,S06,session_04,side,normal,biceps,left,52.52376718906335,0.42981039598174353,0.8606392543605035,3.5302693257040065,1.4007058143615723,0.6150047779083252,0.7857010364532471,80.06584478520686,47.49009068967244,970.4772048621783,2.229691606596795,0.9336613133069007,incorrect,not_full_up,rom_tidak_penuh
236,2026-06-11T10:09:58,S06,session_04,side,normal,biceps,left,58.776322728153204,0.7192551821132741,1.7089553281594005,3.9692285040585635,1.255922555923462,0.6088807582855225,0.6470417976379395,95.83084393726354,59.96451811269287,1394.6441198326845,2.7144801498487277,0.9382370342810948,incorrect,not_full_up,rom_tidak_penuh
237,2026-06-11T10:10:04,S06,session_04,side,normal,biceps,left,61.214055857851605,1.186488003077367,0.9095055441820954,4.620740843150815,1.3184735774993896,0.6788992881774902,0.6395742893218994,88.66096145346567,41.53098330004264,985.80991325611,3.930856884415805,0.9356079926093419,incorrect,not_full_up,rom_tidak_penuh
238,2026-06-11T10:10:12,S06,session_04,side,normal,biceps,right,59.319603830910495,0.580464980346401,2.1022753460260386,2.2559007402961333,1.1794030666351318,0.5880627632141113,0.5913403034210205,106.1186938901323,70.9613672706844,1878.1494166457571,2.17304946252465,0.9603002987526081,incorrect,not_full_up,rom_tidak_penuh
239,2026-06-11T10:10:17,S06,session_04,side,normal,biceps,right,59.15056657284079,0.5925105059027721,1.4125250089488737,2.997481901788577,1.1346728801727295,0.6737971305847168,0.4608757495880127,111.43057730637247,83.32603524779458,1781.145617938972,1.674935719191534,0.9273516466984382,incorrect,not_full_up,rom_tidak_penuh
240,2026-06-11T10:10:30,S06,session_04,side,normal,biceps,right,60.935623898563904,0.4611551122042532,0.9683444594205772,1.5311345091806734,1.4251208305358887,0.7151308059692383,0.7099900245666504,87.82012686202366,59.2825791611046,1233.7846772596915,1.8837300636597005,0.9915714249946177,incorrect,not_full_up,rom_tidak_penuh
241,2026-06-11T10:10:37,S06,session_04,side,normal,biceps,right,60.68597589127464,0.3012689474574652,0.9837699681853946,1.4878422419914852,1.4876303672790527,0.8993916511535645,0.5882387161254883,83.9298148900224,59.72174836355173,915.3374311053078,1.0809614581047193,0.990104571465523,incorrect,not_full_up,rom_tidak_penuh
242,2026-06-11T10:10:42,S06,session_04,side,normal,biceps,right,56.817397732151576,0.4127272689647699,1.5517607041431036,1.6313143553988363,1.2933769226074219,0.6484129428863525,0.6449639797210693,94.8851323664031,71.80747546881342,1352.316846772394,1.2175488334609446,0.9917248955060696,incorrect,not_full_up,rom_tidak_penuh
243,2026-06-11T10:12:59,S06,session_05,side,normal,biceps,left,85.75720546110907,2.3522340020057135,1.165949539862573,5.881972795349619,1.0184216499328613,0.484067440032959,0.5343542098999023,173.57090288612386,114.92758234449535,2658.2599701979952,6.192565267895271,0.975073728710413,incorrect,too_fast,tempo_terlalu_cepat
244,2026-06-11T10:13:03,S06,session_05,side,normal,biceps,left,86.58567930793487,3.0208672827983336,1.2648853817823118,6.758847344313257,1.083859920501709,0.5150291919708252,0.5688307285308838,167.1959056170687,114.85907114445601,2728.3683014538497,7.958837477477097,0.969424963645313,incorrect,too_fast,tempo_terlalu_cepat
245,2026-06-11T10:13:08,S06,session_05,side,normal,biceps,left,82.97396203664275,2.1151085016913735,0.581625300933676,5.5596396201122324,1.1482138633728027,0.5496208667755127,0.59859299659729,149.21348698949816,119.60759279883086,3006.5935079003193,5.675803310150052,0.9817703263117716,incorrect,too_fast,tempo_terlalu_cepat
246,2026-06-11T10:13:12,S06,session_05,side,normal,biceps,left,83.52957427819058,2.396887143367471,0.6244394532826845,6.005806239718675,1.0037167072296143,0.424091100692749,0.5796256065368652,165.76998477336244,111.40548767474468,2341.362408294751,6.177443476667461,0.983943333444388,incorrect,too_fast,tempo_terlalu_cepat
247,2026-06-11T10:13:20,S06,session_05,side,normal,biceps,right,91.3352942801535,3.3401671484912145,1.657176578779751,4.815813637643545,1.02262544631958,0.5057375431060791,0.516887903213501,171.14920554141284,132.01123555052897,3448.797594590732,9.696318689836648,0.9774854773034652,incorrect,too_fast,tempo_terlalu_cepat
248,2026-06-11T10:13:25,S06,session_05,side,normal,biceps,right,96.00217464303333,5.063836062793903,1.4397078563794512,9.302519440280552,1.1768207550048828,0.4517233371734619,0.7250974178314209,152.8983085154453,123.88920407254265,3335.471514114815,14.052907857814537,0.9834902630402491,incorrect,too_fast,tempo_terlalu_cepat
249,2026-06-11T10:13:29,S06,session_05,side,normal,biceps,right,93.77000586035196,5.159736217792775,0.9403115573271172,9.273865436899845,1.023313045501709,0.45055127143859863,0.5727617740631104,146.79538005874943,104.76239573365187,1951.1088545432965,13.240209468643217,0.987333706156774,incorrect,too_fast,tempo_terlalu_cepat
250,2026-06-11T10:13:34,S06,session_05,side,normal,biceps,right,93.91890047114694,4.166053336077286,1.6319820204591835,7.0907228267137885,1.3215537071228027,0.5604777336120605,0.7610759735107422,150.08039059629667,123.11533648411931,2325.816411933253,11.230389828710269,0.9890405828582829,incorrect,too_fast,tempo_terlalu_cepat
251,2026-06-11T09:58:04,S06,session_01,side,normal,triceps,left,107.0386319702414,0.8552502838708136,1.9525064706715485,2.0369891955774104,1.6174626350402832,0.8087313175201416,0.8087313175201416,119.00595562153698,92.7575912748535,1716.7465131306953,2.9233455969600435,0.9728699024671164,correct,correct,good_form
252,2026-06-11T09:58:09,S06,session_01,side,normal,triceps,left,116.08405056875405,0.6131004971079694,1.0660604109689418,3.3709832795788746,1.617553949356079,0.8087769746780396,0.8087769746780396,132.67408691837534,118.44558661933064,1838.9810490770913,3.3475423844312346,0.9717464596033096,correct,correct,good_form
253,2026-06-11T09:58:14,S06,session_01,side,normal,triceps,left,112.27208043452359,0.2734288267452839,1.1562100018598276,2.4625301045098755,1.6857836246490479,0.8428918123245239,0.8428918123245239,121.48842669256727,112.94890743154772,1654.8156947987018,1.031418836349073,0.9643346010833174,correct,correct,good_form
254,2026-06-11T09:58:19,S06,session_01,side,normal,triceps,left,118.35794182293313,0.6758387358046138,1.1593384917050615,5.581305701383593,1.4848098754882812,0.7424049377441406,0.7424049377441406,139.37526813937504,116.58863787475174,2076.783180955653,2.80802213203906,0.9702106521410101,correct,correct,good_form
255,2026-06-11T09:58:24,S06,session_01,side,normal,triceps,left,110.90618311363724,1.687394594035875,3.135263933503299,10.308018471488118,1.371157169342041,0.6855785846710205,0.6855785846710205,140.71665232054835,127.57530315535297,2490.279869409393,4.999517878254383,0.9708962464524854,correct,correct,good_form
256,2026-06-11T09:58:33,S06,session_01,side,normal,triceps,right,109.02061925229808,1.2803912834351017,3.7377493175804615,8.585037282029917,1.218841791152954,0.609420895576477,0.609420895576477,158.36049828757436,152.39210414442036,2851.260573261498,5.474268047980343,0.9832440859505108,correct,correct,good_form
257,2026-06-11T09:58:38,S06,session_01,side,normal,triceps,right,114.55245242220579,0.8276829816507629,2.6894967673977037,6.482123261802284,1.275902271270752,0.637951135635376,0.637951135635376,144.90566591329105,125.92584975900854,2303.649503400285,3.405897360607334,0.987149217831237,correct,correct,good_form
258,2026-06-11T09:58:43,S06,session_01,side,normal,triceps,right,109.23017744237879,0.9718187723929521,3.3775161981465662,4.3037566872422754,1.3434410095214844,0.6717205047607422,0.6717205047607422,133.5353947466511,105.10640848849317,2056.450243889559,3.9553007556611273,0.9902703454097112,correct,correct,good_form
259,2026-06-11T09:58:48,S06,session_01,side,normal,triceps,right,105.44479004754459,0.8924973836617239,3.1270345853792807,4.809809261459,1.224519968032837,0.6122599840164185,0.6122599840164185,147.33428458339392,116.13143590705269,2232.0985515627913,4.459734871297258,0.9913978188165596,correct,correct,good_form
260,2026-06-11T09:58:53,S06,session_01,side,normal,triceps,right,107.17722390864047,1.4228934279432497,3.0090016494099854,5.9591234956572885,1.3175129890441895,0.6587564945220947,0.6587564945220947,130.8420812218615,103.94798945974469,2199.1557177204663,5.309969951109746,0.9908836573362351,correct,correct,good_form
261,2026-06-11T10:02:22,S06,session_02,side,normal,triceps,left,115.98143320196695,3.5667745540488185,12.289984449556814,17.27753011193125,1.3202953338623047,0.6601476669311523,0.6601476669311523,157.52565511439477,109.17617350603516,1934.563441610811,10.984646367312578,0.9859334980619365,incorrect,body_swing,badan_bergerak
262,2026-06-11T10:02:27,S06,session_02,side,normal,triceps,left,111.11301494826131,4.293257128759056,13.72600936512458,11.084005776576058,1.35042405128479,0.675212025642395,0.675212025642395,130.34195402139198,105.04826190770734,2221.8352963670604,11.588950317504358,0.9851100968592095,incorrect,body_swing,badan_bergerak
263,2026-06-11T10:02:32,S06,session_02,side,normal,triceps,left,113.16061316332674,3.1476003151063257,17.793804421526463,26.947733332690518,1.4456398487091064,0.7228199243545532,0.7228199243545532,133.3698809464207,108.69752102375125,2155.6838321718496,9.81705190641378,0.9758268627338111,incorrect,body_swing,badan_bergerak
264,2026-06-11T10:02:37,S06,session_02,side,normal,triceps,left,115.4997492235496,3.17271379782804,13.82729808022845,11.144264515807661,1.351123332977295,0.6755616664886475,0.6755616664886475,143.3519385751313,119.582398027213,2174.7692585106774,9.603427966666354,0.9726219445466995,incorrect,body_swing,badan_bergerak
265,2026-06-11T10:02:46,S06,session_02,side,normal,triceps,right,109.73272678366763,1.4813451611902169,9.715931943895239,10.362251102369612,1.2276825904846191,0.6138412952423096,0.6138412952423096,152.4770181168441,125.25938612245643,2823.545532301089,5.369682353549646,0.9867400646209716,incorrect,body_swing,badan_bergerak
266,2026-06-11T10:02:51,S06,session_02,side,normal,triceps,right,102.33837034699692,3.9260641061586012,14.036923331855364,18.504920910845858,1.2168262004852295,0.6084131002426147,0.6084131002426147,171.35481872882517,141.9384628295127,3277.944268907763,14.598925978898404,0.9883079693785736,incorrect,body_swing,badan_bergerak
267,2026-06-11T10:02:56,S06,session_02,side,normal,triceps,right,114.18927328662625,2.75030749278057,9.695715393076139,15.811637833515022,1.1556427478790283,0.5778213739395142,0.5778213739395142,165.7218378858349,151.2678196616806,3521.8245558834606,9.626330548693568,0.982897275575885,incorrect,body_swing,badan_bergerak
268,2026-06-11T10:03:01,S06,session_02,side,normal,triceps,right,117.82079540637083,2.6399991321118073,9.922521581033774,10.324021838389777,1.2855019569396973,0.6427509784698486,0.6427509784698486,142.05353535675536,126.38730263283406,2139.32222011905,8.803774649343849,0.9897069063569818,incorrect,body_swing,badan_bergerak
269,2026-06-11T10:05:52,S06,session_03,side,normal,triceps,left,116.35371683101926,3.405050581287028,12.614991189270574,27.625772821543443,1.3737852573394775,0.6868926286697388,0.6868926286697388,154.51558099590005,124.73463973151593,2130.052528683546,13.532553233577344,0.9473366900797813,incorrect,elbow_swing,siku_maju_mundur
270,2026-06-11T10:05:57,S06,session_03,side,normal,triceps,left,111.93592357176153,3.416602125522618,10.352891839791102,22.232436649062286,1.2975411415100098,0.6487705707550049,0.6487705707550049,142.48488024183172,105.63534380121986,2297.7085908130375,11.239144257672804,0.961722809692909,incorrect,elbow_swing,siku_maju_mundur
271,2026-06-11T10:06:01,S06,session_03,side,normal,triceps,left,109.18368032789145,3.2734370004109885,8.533668950074638,22.852349243080244,1.2772037982940674,0.6386018991470337,0.6386018991470337,135.07717780403334,104.89088360860022,2130.6295238324674,11.396694404153713,0.948821847992284,incorrect,elbow_swing,siku_maju_mundur
272,2026-06-11T10:06:06,S06,session_03,side,normal,triceps,left,112.99780779331527,5.802006193390812,9.194982160886774,29.461319595432656,1.398132562637329,0.6990662813186646,0.6990662813186646,145.8391574257758,125.21911726545355,2710.173465962085,17.502712465844322,0.947523413165923,incorrect,elbow_swing,siku_maju_mundur
273,2026-06-11T10:06:13,S06,session_03,side,normal,triceps,right,108.63418246867862,4.378635167528741,8.571844916100648,19.657127161395223,1.2865986824035645,0.6432993412017822,0.6432993412017822,145.91181413360664,124.61954464121908,2580.637086843767,12.868315796980001,0.9816427591901559,incorrect,elbow_swing,siku_maju_mundur
274,2026-06-11T10:06:18,S06,session_03,side,normal,triceps,right,122.18486049390538,5.085355700411244,9.523187989770058,25.52973064764101,1.275475263595581,0.6377376317977905,0.6377376317977905,166.23693943901642,155.3657487396435,3631.6412600668436,16.484041338087888,0.9763084716837982,incorrect,elbow_swing,siku_maju_mundur
275,2026-06-11T10:06:22,S06,session_03,side,normal,triceps,right,111.43299599288235,4.582248968438143,8.210077951129838,18.98203415675821,1.2119193077087402,0.6059596538543701,0.6059596538543701,147.6097530268509,127.10293407336313,3250.276280625818,14.728340172702552,0.9780982239888265,incorrect,elbow_swing,siku_maju_mundur
276,2026-06-11T10:06:27,S06,session_03,side,normal,triceps,right,121.80905955850127,3.8521600681547223,8.69804005943725,21.716969626524296,1.211789608001709,0.6058948040008545,0.6058948040008545,161.6554406404262,153.79145615042054,3930.400710899358,13.921035054989298,0.9741509515047073,incorrect,elbow_swing,siku_maju_mundur
277,2026-06-11T10:09:31,S06,session_04,side,normal,triceps,left,65.25499045540916,1.6863147773303624,2.018336263537701,8.295674419498457,1.1094253063201904,0.5547126531600952,0.5547126531600952,94.72206039999948,72.94868615964114,1469.814771902762,6.338028069071893,0.9723135197162628,incorrect,not_full_up,rom_tidak_penuh
278,2026-06-11T10:09:37,S06,session_04,side,normal,triceps,left,78.76320825095856,1.3637588152104498,2.3634012401777875,3.0057330464719136,1.3826301097869873,0.6913150548934937,0.6913150548934937,109.08845018552464,86.21706740143775,1603.6192325719667,4.0096521466228054,0.9601783062020938,incorrect,not_full_up,rom_tidak_penuh
279,2026-06-11T10:09:43,S06,session_04,side,normal,triceps,left,85.0994398746831,0.6441174205557393,1.9702244663884878,2.7707551520937947,1.367811679840088,0.683905839920044,0.683905839920044,105.3167911661552,84.68512832301099,1188.5084659596287,2.7694766294486115,0.9599463051116025,incorrect,not_full_up,rom_tidak_penuh
280,2026-06-11T10:09:47,S06,session_04,side,normal,triceps,left,80.12270530865086,1.8949647442854192,3.9291884471022716,3.730371896775356,1.3675332069396973,0.6837666034698486,0.6837666034698486,101.87508577645266,71.118394485489,1389.8555937759936,6.114785410529649,0.9648150113912729,incorrect,not_full_up,rom_tidak_penuh
281,2026-06-11T10:09:56,S06,session_04,side,normal,triceps,right,78.94133223518526,0.7571483544962027,2.6011278541031775,3.9973905563300676,1.289677619934082,0.644838809967041,0.644838809967041,105.51568080930338,85.42148038108255,1698.1565142211937,3.179729649890316,0.9952716584006945,incorrect,not_full_up,rom_tidak_penuh
282,2026-06-11T10:10:01,S06,session_04,side,normal,triceps,right,90.54896200514295,1.9968659945468243,4.24740051300145,5.659805971965156,1.35357666015625,0.676788330078125,0.676788330078125,117.83487118915542,96.93911466207429,1570.7206781816824,8.014738475632644,0.9937521084662406,incorrect,not_full_up,rom_tidak_penuh
283,2026-06-11T10:10:07,S06,session_04,side,normal,triceps,right,81.68960988287135,0.9738068694645379,2.8097454579932997,2.8739883772187262,1.45284104347229,0.726420521736145,0.726420521736145,94.98008024541582,74.10257082581093,1143.0937965676947,3.6767785198573577,0.9958024873878016,incorrect,not_full_up,rom_tidak_penuh
284,2026-06-11T10:10:12,S06,session_04,side,normal,triceps,right,89.82749669317356,0.7861100277716533,2.4146577782242513,3.2021975603151382,1.2974824905395508,0.6487412452697754,0.6487412452697754,124.27245820864088,102.60526812416953,1854.1662292491808,3.3602396999633584,0.9954490147787949,incorrect,not_full_up,rom_tidak_penuh
285,2026-06-11T10:12:59,S06,session_05,side,normal,triceps,left,114.08852743182896,5.839149202695127,3.3071073376297706,26.02161387168541,1.0627145767211914,0.5313572883605957,0.5313572883605957,183.02236631095315,140.18053410113853,2769.9040570148654,22.96709892314681,0.9593569537003835,incorrect,too_fast,tempo_terlalu_cepat
286,2026-06-11T10:13:04,S06,session_05,side,normal,triceps,left,117.39381198022508,4.097490704304465,4.988867636528624,24.24176107899196,0.7437915802001953,0.37189579010009766,0.37189579010009766,242.48093056298845,208.55274401447858,5242.9668367834565,14.87375658384099,0.9638093461592993,incorrect,too_fast,tempo_terlalu_cepat
287,2026-06-11T10:13:08,S06,session_05,side,normal,triceps,left,120.87940199850418,2.829040997058301,5.756395816838613,21.612942992765117,0.9814763069152832,0.4907381534576416,0.4907381534576416,181.97723655940123,103.9815678541151,2142.262152797286,11.800263156293614,0.9667838920246471,incorrect,too_fast,tempo_terlalu_cepat
288,2026-06-11T10:13:12,S06,session_05,side,normal,triceps,left,120.05589757964026,4.127107222441267,4.001051919296174,25.592344766720238,0.984520435333252,0.492260217666626,0.492260217666626,182.88514769854518,130.9190558415147,3353.0964598966834,18.00640523144349,0.9643471759298573,incorrect,too_fast,tempo_terlalu_cepat
289,2026-06-11T10:13:19,S06,session_05,side,normal,triceps,right,108.42420322078067,4.634900986371176,5.705941049008959,23.096371027338407,0.8927109241485596,0.4463554620742798,0.4463554620742798,182.75947915405024,156.80228467151568,3723.5355318254174,16.887779849042836,0.9883321337401867,incorrect,too_fast,tempo_terlalu_cepat
290,2026-06-11T10:13:23,S06,session_05,side,normal,triceps,right,117.64099209279536,3.5940702806086766,6.893895855525182,22.388971014783824,0.8610444068908691,0.43052220344543457,0.43052220344543457,202.22798569261184,158.51109216924874,3300.38741280931,15.955401272930924,0.9894453294575214,incorrect,too_fast,tempo_terlalu_cepat
291,2026-06-11T10:13:28,S06,session_05,side,normal,triceps,right,116.36814840881607,4.144355789513975,5.483499652502469,22.129177257467887,0.8457884788513184,0.4228942394256592,0.4228942394256592,179.86083971104003,137.2649540394973,2327.3031052170186,17.659593701439288,0.9905363950464461,incorrect,too_fast,tempo_terlalu_cepat
292,2026-06-11T10:13:32,S06,session_05,side,normal,triceps,right,120.83329198866028,3.28595700214507,5.348333062544748,19.0927535494429,0.8260948657989502,0.4130474328994751,0.4130474328994751,226.79901978350975,159.39217802610023,3492.0907373050673,12.693265362547633,0.9868060938621822,incorrect,too_fast,tempo_terlalu_cepat
293,2026-06-11T10:13:38,S06,session_05,side,normal,triceps,right,113.92962638481421,3.0582768622430145,6.203438579972223,20.37351788450342,0.843358039855957,0.4216790199279785,0.4216790199279785,198.8727368774744,130.70509411730856,3417.6943436768374,13.752821186374074,0.9909149557352066,incorrect,too_fast,tempo_terlalu_cepat
